05-22 17:30:00.001  8894  8946 I D01A01/com.ohos.devicemanager/PowerManager: background task timeout, killing process
05-22 17:30:00.016  9059  9113 D A01B02/com.ohos.applauncher/MainAbility: data sync completed, records: 2048
05-22 17:30:00.040  8701  8836 W C02D01/com.ohos.settings/Bluetooth: network state changed: WIFI -> 5G
05-22 17:30:00.047  8253  8408 I C02D01/com.ohos.settings/Bluetooth: crash detected: NullPointerException at MainAbility.onForeground
05-22 17:30:00.065  9022  9154 I A01B01/com.ohos.sceneboard/HOME: battery level: 85%, charging: false
05-22 17:30:00.074  8079  8094 W A01B01/com.ohos.sceneboard/HOME: crash detected: NullPointerException at MainAbility.onForeground
05-22 17:30:00.080  8058  8227 I E02F01/com.ohos.hiview/HiViewService: crash detected: NullPointerException at MainAbility.onForeground
05-22 17:30:00.099  8521  8632 E A01B02/com.ohos.applauncher/MainAbility: ANR detected in main thread, stack trace: com.ohos.app.launch
05-22 17:30:00.119  8635  8758 W A01B02/com.ohos.applauncher/MainAbility: memory usage: 320MB, available: 180MB
05-22 17:30:00.134  8002  8093 D C02D01/com.ohos.settings/Bluetooth: audio focus request granted for stream music
05-22 17:30:00.142  9926  10025 I C02D01/com.ohos.settings/Bluetooth: network state changed: WIFI -> 5G
05-22 17:30:00.158  9381  9413 I D01A01/com.ohos.devicemanager/PowerManager: permission denied: location requires user grant
05-22 17:30:00.175  8496  8601 I A01B01/com.ohos.sceneboard/HOME: onStart ability completed successfully
05-22 17:30:00.187  8242  8361 E B03C01/com.ohos.multimedia/AudioService: incoming call from 13800138000
05-22 17:30:00.200  8128  8242 I E02F01/com.ohos.hiview/HiViewService: battery level: 85%, charging: false
05-22 17:30:00.228  9896  9995 E A01B01/com.ohos.sceneboard/HOME: audio focus request granted for stream music
05-22 17:30:00.235  9927  9938 D E02F01/com.ohos.hiview/HiViewService: page navigation: HOME -> Settings
05-22 17:30:00.259  9147  9198 I D01A01/com.ohos.devicemanager/PowerManager: ANR detected in main thread, stack trace: com.ohos.app.launch
05-22 17:30:00.277  8498  8673 I C02D01/com.ohos.settings/Bluetooth: bluetooth device connected: Headset_Pro
05-22 17:30:00.284  9799  9843 W A01B02/com.ohos.applauncher/MainAbility: ANR detected in main thread, stack trace: com.ohos.app.launch
05-22 17:30:00.299  8950  9009 W A01B01/com.ohos.sceneboard/HOME: crash detected: NullPointerException at MainAbility.onForeground
05-22 17:30:00.309  8015  8196 I D01A01/com.ohos.devicemanager/PowerManager: battery level: 85%, charging: false
05-22 17:30:00.332  9215  9340 D C02D01/com.ohos.settings/Bluetooth: fatal error: out of memory, heap size 512MB exceeded
05-22 17:30:00.351  9183  9252 D A01B01/com.ohos.sceneboard/HOME: onStart ability completed successfully
05-22 17:30:00.372  8776  8866 I C02D01/com.ohos.settings/Bluetooth: incoming call from 13800138000
05-22 17:30:00.379  9242  9352 I B03C01/com.ohos.multimedia/AudioService: def pattern match successful for flow checkpoint
05-22 17:30:00.406  8812  8950 D C02D01/com.ohos.settings/Bluetooth: onStart ability completed successfully
05-22 17:30:00.406  8951  9122 E A01B02/com.ohos.applauncher/MainAbility: battery level: 85%, charging: false
05-22 17:30:00.429  9612  9773 D C02D01/com.ohos.settings/Bluetooth: audio focus request granted for stream music
05-22 17:30:00.442  9175  9199 I C02D01/com.ohos.settings/Bluetooth: audio focus request granted for stream music
05-22 17:30:00.458  9955  10148 W A01B01/com.ohos.sceneboard/HOME: page navigation: HOME -> Settings
05-22 17:30:00.470  8749  8885 D E02F01/com.ohos.hiview/HiViewService: memory usage: 320MB, available: 180MB
05-22 17:30:00.491  9947  10123 E B03C01/com.ohos.multimedia/AudioService: incoming call from 13800138000
05-22 17:30:00.500  9570  9578 W B03C01/com.ohos.multimedia/AudioService: def pattern match successful for flow checkpoint
05-22 17:30:00.529  8673  8854 I D01A01/com.ohos.devicemanager/PowerManager: battery level: 85%, charging: false
05-22 17:30:00.552  9074  9114 I A01B01/com.ohos.sceneboard/HOME: data sync completed, records: 2048
05-22 17:30:00.553  8544  8635 I A01B01/com.ohos.sceneboard/HOME: memory usage: 320MB, available: 180MB
05-22 17:30:00.554  9454  9571 I A01B01/com.ohos.sceneboard/HOME: audio focus request granted for stream music
05-22 17:30:00.584  9213  9280 I A01B01/com.ohos.sceneboard/HOME: def pattern match successful for flow checkpoint
05-22 17:30:00.596  8559  8610 D A01B01/com.ohos.sceneboard/HOME: background task timeout, killing process
05-22 17:30:00.620  8694  8831 E A01B02/com.ohos.applauncher/MainAbility: page navigation: HOME -> Settings
05-22 17:30:00.639  8599  8737 W A01B02/com.ohos.applauncher/MainAbility: onStart ability completed successfully
05-22 17:30:00.649  8104  8202 D A01B02/com.ohos.applauncher/MainAbility: bluetooth device connected: Headset_Pro
05-22 17:30:00.662  9543  9570 I B03C01/com.ohos.multimedia/AudioService: onStart ability completed successfully
05-22 17:30:00.681  9044  9112 I A01B01/com.ohos.sceneboard/HOME: page navigation: HOME -> Settings
05-22 17:30:00.707  9419  9510 D D01A01/com.ohos.devicemanager/PowerManager: battery level: 85%, charging: false
05-22 17:30:00.713  9841  9952 D A01B02/com.ohos.applauncher/MainAbility: incoming call from 13800138000
05-22 17:30:00.725  9519  9660 W A01B01/com.ohos.sceneboard/HOME: background task timeout, killing process
05-22 17:30:00.728  9755  9795 I B03C01/com.ohos.multimedia/AudioService: ANR detected in main thread, stack trace: com.ohos.app.launch
05-22 17:30:00.754  8883  9048 I E02F01/com.ohos.hiview/HiViewService: background task timeout, killing process
05-22 17:30:00.755  8505  8519 W D01A01/com.ohos.devicemanager/PowerManager: battery level: 85%, charging: false
05-22 17:30:00.772  9026  9162 I C02D01/com.ohos.settings/Bluetooth: audio focus request granted for stream music
05-22 17:30:00.796  9949  10032 E E02F01/com.ohos.hiview/HiViewService: network state changed: WIFI -> 5G
05-22 17:30:00.804  8660  8708 E A01B02/com.ohos.applauncher/MainAbility: permission denied: location requires user grant
05-22 17:30:00.817  9174  9251 I C02D01/com.ohos.settings/Bluetooth: permission denied: location requires user grant
05-22 17:30:00.834  8681  8821 I A01B01/com.ohos.sceneboard/HOME: database query executed in 45ms
05-22 17:30:00.861  9658  9820 I A01B01/com.ohos.sceneboard/HOME: database query executed in 45ms
05-22 17:30:00.882  8945  9026 D A01B01/com.ohos.sceneboard/HOME: database query executed in 45ms
05-22 17:30:00.896  9471  9623 I C02D01/com.ohos.settings/Bluetooth: data sync completed, records: 2048
05-22 17:30:00.921  9994  10049 I E02F01/com.ohos.hiview/HiViewService: battery level: 85%, charging: false
05-22 17:30:00.923  8165  8187 D B03C01/com.ohos.multimedia/AudioService: network state changed: WIFI -> 5G
05-22 17:30:00.925  9517  9533 I A01B01/com.ohos.sceneboard/HOME: bluetooth device connected: Headset_Pro
05-22 17:30:00.952  9596  9701 W C02D01/com.ohos.settings/Bluetooth: battery level: 85%, charging: false
05-22 17:30:00.964  8258  8267 W E02F01/com.ohos.hiview/HiViewService: audio focus request granted for stream music
05-22 17:30:00.991  9506  9547 I A01B01/com.ohos.sceneboard/HOME: network state changed: WIFI -> 5G
05-22 17:30:01.017  9052  9156 I D01A01/com.ohos.devicemanager/PowerManager: crash detected: NullPointerException at MainAbility.onForeground
05-22 17:30:01.035  9710  9797 W E02F01/com.ohos.hiview/HiViewService: memory usage: 320MB, available: 180MB
05-22 17:30:01.040  8832  8910 I A01B02/com.ohos.applauncher/MainAbility: memory usage: 320MB, available: 180MB
05-22 17:30:01.070  8501  8639 I B03C01/com.ohos.multimedia/AudioService: network state changed: WIFI -> 5G
05-22 17:30:01.085  9552  9747 I E02F01/com.ohos.hiview/HiViewService: data sync completed, records: 2048
05-22 17:30:01.105  8978  9140 D D01A01/com.ohos.devicemanager/PowerManager: page navigation: HOME -> Settings
05-22 17:30:01.112  9356  9497 W D01A01/com.ohos.devicemanager/PowerManager: incoming call from 13800138000
05-22 17:30:01.138  8193  8226 I D01A01/com.ohos.devicemanager/PowerManager: def pattern match successful for flow checkpoint
05-22 17:30:01.155  8016  8131 E B03C01/com.ohos.multimedia/AudioService: ANR detected in main thread, stack trace: com.ohos.app.launch
05-22 17:30:01.159  9665  9744 D C02D01/com.ohos.settings/Bluetooth: permission denied: location requires user grant
05-22 17:30:01.162  9046  9135 I E02F01/com.ohos.hiview/HiViewService: fatal error: out of memory, heap size 512MB exceeded
05-22 17:30:01.181  9961  9999 E B03C01/com.ohos.multimedia/AudioService: background task timeout, killing process
05-22 17:30:01.181  8809  8882 I A01B02/com.ohos.applauncher/MainAbility: ANR detected in main thread, stack trace: com.ohos.app.launch
05-22 17:30:01.181  8582  8648 I A01B02/com.ohos.applauncher/MainAbility: permission denied: location requires user grant
05-22 17:30:01.191  9951  10073 W C02D01/com.ohos.settings/Bluetooth: ANR detected in main thread, stack trace: com.ohos.app.launch
05-22 17:30:01.209  8244  8365 I D01A01/com.ohos.devicemanager/PowerManager: onStart ability completed successfully
05-22 17:30:01.239  8345  8517 D C02D01/com.ohos.settings/Bluetooth: incoming call from 13800138000
05-22 17:30:01.257  8034  8134 I A01B01/com.ohos.sceneboard/HOME: memory usage: 320MB, available: 180MB
05-22 17:30:01.263  9194  9351 I C02D01/com.ohos.settings/Bluetooth: ANR detected in main thread, stack trace: com.ohos.app.launch
05-22 17:30:01.270  8055  8227 I B03C01/com.ohos.multimedia/AudioService: bluetooth device connected: Headset_Pro
05-22 17:30:01.281  9910  9927 W A01B02/com.ohos.applauncher/MainAbility: audio focus request granted for stream music
05-22 17:30:01.303  9625  9641 W C02D01/com.ohos.settings/Bluetooth: bluetooth device connected: Headset_Pro
05-22 17:30:01.311  8754  8927 D A01B01/com.ohos.sceneboard/HOME: def pattern match successful for flow checkpoint
05-22 17:30:01.323  9126  9177 W D01A01/com.ohos.devicemanager/PowerManager: memory usage: 320MB, available: 180MB
05-22 17:30:01.336  9271  9341 D D01A01/com.ohos.devicemanager/PowerManager: crash detected: NullPointerException at MainAbility.onForeground
05-22 17:30:01.338  9413  9600 D A01B02/com.ohos.applauncher/MainAbility: data sync completed, records: 2048
05-22 17:30:01.343  8226  8251 I D01A01/com.ohos.devicemanager/PowerManager: database query executed in 45ms
05-22 17:30:01.357  8336  8362 E A01B01/com.ohos.sceneboard/HOME: incoming call from 13800138000
05-22 17:30:01.365  9824  9998 I A01B02/com.ohos.applauncher/MainAbility: crash detected: NullPointerException at MainAbility.onForeground
05-22 17:30:01.392  9425  9574 W E02F01/com.ohos.hiview/HiViewService: def pattern match successful for flow checkpoint
05-22 17:30:01.404  9455  9595 D D01A01/com.ohos.devicemanager/PowerManager: bluetooth device connected: Headset_Pro
05-22 17:30:01.428  8116  8134 D A01B02/com.ohos.applauncher/MainAbility: def pattern match successful for flow checkpoint
05-22 17:30:01.431  8894  8972 I D01A01/com.ohos.devicemanager/PowerManager: data sync completed, records: 2048
05-22 17:30:01.434  9375  9383 W D01A01/com.ohos.devicemanager/PowerManager: fatal error: out of memory, heap size 512MB exceeded
05-22 17:30:01.458  8516  8586 W C02D01/com.ohos.settings/Bluetooth: database query executed in 45ms
05-22 17:30:01.469  8406  8582 I E02F01/com.ohos.hiview/HiViewService: def pattern match successful for flow checkpoint
05-22 17:30:01.484  9110  9213 I A01B01/com.ohos.sceneboard/HOME: background task timeout, killing process
05-22 17:30:01.506  9162  9178 D D01A01/com.ohos.devicemanager/PowerManager: network state changed: WIFI -> 5G
05-22 17:30:01.517  9566  9719 I A01B02/com.ohos.applauncher/MainAbility: ANR detected in main thread, stack trace: com.ohos.app.launch
05-22 17:30:01.518  9552  9690 D D01A01/com.ohos.devicemanager/PowerManager: data sync completed, records: 2048
05-22 17:30:01.530  8948  9004 D A01B01/com.ohos.sceneboard/HOME: memory usage: 320MB, available: 180MB
05-22 17:30:01.538  9394  9435 W D01A01/com.ohos.devicemanager/PowerManager: crash detected: NullPointerException at MainAbility.onForeground
05-22 17:30:01.552  9154  9299 D C02D01/com.ohos.settings/Bluetooth: bluetooth device connected: Headset_Pro
05-22 17:30:01.582  8142  8264 E A01B01/com.ohos.sceneboard/HOME: fatal error: out of memory, heap size 512MB exceeded
05-22 17:30:01.592  9759  9842 D A01B02/com.ohos.applauncher/MainAbility: database query executed in 45ms
05-22 17:30:01.597  8976  9108 E C02D01/com.ohos.settings/Bluetooth: data sync completed, records: 2048
05-22 17:30:01.613  9605  9755 I D01A01/com.ohos.devicemanager/PowerManager: page navigation: HOME -> Settings
05-22 17:30:01.639  9338  9434 I C02D01/com.ohos.settings/Bluetooth: data sync completed, records: 2048
05-22 17:30:01.651  9442  9588 I C02D01/com.ohos.settings/Bluetooth: memory usage: 320MB, available: 180MB
05-22 17:30:01.661  8584  8695 I A01B02/com.ohos.applauncher/MainAbility: incoming call from 13800138000
05-22 17:30:01.679  9622  9638 I B03C01/com.ohos.multimedia/AudioService: crash detected: NullPointerException at MainAbility.onForeground
05-22 17:30:01.692  9023  9142 E C02D01/com.ohos.settings/Bluetooth: battery level: 85%, charging: false
05-22 17:30:01.697  8040  8064 I B03C01/com.ohos.multimedia/AudioService: background task timeout, killing process
05-22 17:30:01.722  8591  8751 I A01B01/com.ohos.sceneboard/HOME: bluetooth device connected: Headset_Pro
05-22 17:30:01.749  8171  8312 I A01B02/com.ohos.applauncher/MainAbility: fatal error: out of memory, heap size 512MB exceeded
05-22 17:30:01.770  9561  9666 W A01B02/com.ohos.applauncher/MainAbility: battery level: 85%, charging: false
05-22 17:30:01.796  8619  8726 D D01A01/com.ohos.devicemanager/PowerManager: page navigation: HOME -> Settings
05-22 17:30:01.808  8177  8195 I A01B01/com.ohos.sceneboard/HOME: background task timeout, killing process
05-22 17:30:01.832  9950  10101 I A01B01/com.ohos.sceneboard/HOME: data sync completed, records: 2048
05-22 17:30:01.862  9370  9525 I A01B01/com.ohos.sceneboard/HOME: ANR detected in main thread, stack trace: com.ohos.app.launch
05-22 17:30:01.862  9481  9616 D D01A01/com.ohos.devicemanager/PowerManager: audio focus request granted for stream music
05-22 17:30:01.875  8502  8509 W B03C01/com.ohos.multimedia/AudioService: network state changed: WIFI -> 5G
05-22 17:30:01.891  9664  9761 D D01A01/com.ohos.devicemanager/PowerManager: data sync completed, records: 2048
05-22 17:30:01.915  9485  9547 I C02D01/com.ohos.settings/Bluetooth: audio focus request granted for stream music
05-22 17:30:01.939  8282  8311 D C02D01/com.ohos.settings/Bluetooth: background task timeout, killing process
05-22 17:30:01.958  8992  9083 W B03C01/com.ohos.multimedia/AudioService: audio focus request granted for stream music
05-22 17:30:01.975  9168  9218 I E02F01/com.ohos.hiview/HiViewService: permission denied: location requires user grant
05-22 17:30:01.992  9048  9230 I D01A01/com.ohos.devicemanager/PowerManager: incoming call from 13800138000
05-22 17:30:02.022  8966  9010 E B03C01/com.ohos.multimedia/AudioService: permission denied: location requires user grant
05-22 17:30:02.028  8082  8125 D C02D01/com.ohos.settings/Bluetooth: onStart ability completed successfully
05-22 17:30:02.037  8521  8712 I A01B01/com.ohos.sceneboard/HOME: ANR detected in main thread, stack trace: com.ohos.app.launch
05-22 17:30:02.053  9289  9413 I A01B01/com.ohos.sceneboard/HOME: incoming call from 13800138000
05-22 17:30:02.072  9142  9227 W E02F01/com.ohos.hiview/HiViewService: def pattern match successful for flow checkpoint
05-22 17:30:02.076  8400  8404 I A01B01/com.ohos.sceneboard/HOME: network state changed: WIFI -> 5G
05-22 17:30:02.078  9132  9225 D B03C01/com.ohos.multimedia/AudioService: permission denied: location requires user grant
05-22 17:30:02.093  8910  8941 I D01A01/com.ohos.devicemanager/PowerManager: permission denied: location requires user grant
05-22 17:30:02.099  9416  9548 I D01A01/com.ohos.devicemanager/PowerManager: background task timeout, killing process
05-22 17:30:02.103  9912  10060 W A01B01/com.ohos.sceneboard/HOME: memory usage: 320MB, available: 180MB
05-22 17:30:02.111  9827  9896 E D01A01/com.ohos.devicemanager/PowerManager: onStart ability completed successfully
05-22 17:30:02.114  9606  9748 W E02F01/com.ohos.hiview/HiViewService: crash detected: NullPointerException at MainAbility.onForeground
05-22 17:30:02.141  8372  8410 I E02F01/com.ohos.hiview/HiViewService: onStart ability completed successfully
05-22 17:30:02.151  8824  8949 W E02F01/com.ohos.hiview/HiViewService: onStart ability completed successfully
05-22 17:30:02.156  8270  8334 I D01A01/com.ohos.devicemanager/PowerManager: memory usage: 320MB, available: 180MB
05-22 17:30:02.174  8244  8433 W D01A01/com.ohos.devicemanager/PowerManager: audio focus request granted for stream music
05-22 17:30:02.188  8196  8226 E D01A01/com.ohos.devicemanager/PowerManager: background task timeout, killing process
05-22 17:30:02.208  9203  9370 I A01B02/com.ohos.applauncher/MainAbility: audio focus request granted for stream music
05-22 17:30:02.218  9244  9428 D C02D01/com.ohos.settings/Bluetooth: ANR detected in main thread, stack trace: com.ohos.app.launch
05-22 17:30:02.246  9072  9209 D A01B02/com.ohos.applauncher/MainAbility: data sync completed, records: 2048
05-22 17:30:02.254  8831  8873 I D01A01/com.ohos.devicemanager/PowerManager: ANR detected in main thread, stack trace: com.ohos.app.launch
05-22 17:30:02.262  8849  8939 I E02F01/com.ohos.hiview/HiViewService: incoming call from 13800138000
05-22 17:30:02.285  9880  9898 W A01B01/com.ohos.sceneboard/HOME: battery level: 85%, charging: false
05-22 17:30:02.304  8965  9056 D A01B01/com.ohos.sceneboard/HOME: battery level: 85%, charging: false
05-22 17:30:02.326  9435  9584 W A01B02/com.ohos.applauncher/MainAbility: def pattern match successful for flow checkpoint
05-22 17:30:02.327  9328  9513 I A01B02/com.ohos.applauncher/MainAbility: def pattern match successful for flow checkpoint
05-22 17:30:02.339  9270  9412 I D01A01/com.ohos.devicemanager/PowerManager: network state changed: WIFI -> 5G
05-22 17:30:02.354  9068  9239 D E02F01/com.ohos.hiview/HiViewService: memory usage: 320MB, available: 180MB
05-22 17:30:02.377  8222  8252 D D01A01/com.ohos.devicemanager/PowerManager: def pattern match successful for flow checkpoint
05-22 17:30:02.390  9737  9745 W D01A01/com.ohos.devicemanager/PowerManager: data sync completed, records: 2048
05-22 17:30:02.418  9683  9872 I A01B02/com.ohos.applauncher/MainAbility: def pattern match successful for flow checkpoint
05-22 17:30:02.446  9787  9975 E D01A01/com.ohos.devicemanager/PowerManager: permission denied: location requires user grant
05-22 17:30:02.470  9096  9149 E C02D01/com.ohos.settings/Bluetooth: network state changed: WIFI -> 5G
05-22 17:30:02.496  9555  9562 D A01B02/com.ohos.applauncher/MainAbility: permission denied: location requires user grant
05-22 17:30:02.501  9275  9358 I E02F01/com.ohos.hiview/HiViewService: database query executed in 45ms
05-22 17:30:02.510  9026  9105 I B03C01/com.ohos.multimedia/AudioService: bluetooth device connected: Headset_Pro
05-22 17:30:02.530  9503  9565 W E02F01/com.ohos.hiview/HiViewService: crash detected: NullPointerException at MainAbility.onForeground
05-22 17:30:02.532  9529  9678 I A01B02/com.ohos.applauncher/MainAbility: def pattern match successful for flow checkpoint
05-22 17:30:02.534  9648  9694 D E02F01/com.ohos.hiview/HiViewService: incoming call from 13800138000
05-22 17:30:02.543  8452  8568 D A01B02/com.ohos.applauncher/MainAbility: fatal error: out of memory, heap size 512MB exceeded
05-22 17:30:02.572  8306  8345 I A01B01/com.ohos.sceneboard/HOME: page navigation: HOME -> Settings
05-22 17:30:02.584  9287  9442 D C02D01/com.ohos.settings/Bluetooth: bluetooth device connected: Headset_Pro
05-22 17:30:02.601  8270  8470 W E02F01/com.ohos.hiview/HiViewService: fatal error: out of memory, heap size 512MB exceeded
05-22 17:30:02.631  9701  9900 W E02F01/com.ohos.hiview/HiViewService: background task timeout, killing process
05-22 17:30:02.634  8085  8238 W C02D01/com.ohos.settings/Bluetooth: bluetooth device connected: Headset_Pro
05-22 17:30:02.638  9854  9961 I D01A01/com.ohos.devicemanager/PowerManager: battery level: 85%, charging: false
05-22 17:30:02.665  9970  10044 I B03C01/com.ohos.multimedia/AudioService: fatal error: out of memory, heap size 512MB exceeded
05-22 17:30:02.671  9421  9434 I D01A01/com.ohos.devicemanager/PowerManager: ANR detected in main thread, stack trace: com.ohos.app.launch
05-22 17:30:02.672  8350  8452 I D01A01/com.ohos.devicemanager/PowerManager: background task timeout, killing process
05-22 17:30:02.678  8427  8536 D A01B01/com.ohos.sceneboard/HOME: battery level: 85%, charging: false
05-22 17:30:02.690  9985  10127 I A01B01/com.ohos.sceneboard/HOME: background task timeout, killing process
05-22 17:30:02.698  9298  9377 I A01B02/com.ohos.applauncher/MainAbility: memory usage: 320MB, available: 180MB
05-22 17:30:02.703  8464  8621 D A01B01/com.ohos.sceneboard/HOME: page navigation: HOME -> Settings
05-22 17:30:02.703  9456  9577 I B03C01/com.ohos.multimedia/AudioService: def pattern match successful for flow checkpoint
05-22 17:30:02.721  9308  9392 I A01B02/com.ohos.applauncher/MainAbility: bluetooth device connected: Headset_Pro
05-22 17:30:02.722  8895  8913 I D01A01/com.ohos.devicemanager/PowerManager: data sync completed, records: 2048
05-22 17:30:02.726  8523  8616 D D01A01/com.ohos.devicemanager/PowerManager: data sync completed, records: 2048
05-22 17:30:02.732  8580  8599 I E02F01/com.ohos.hiview/HiViewService: ANR detected in main thread, stack trace: com.ohos.app.launch
05-22 17:30:02.735  8478  8623 W A01B01/com.ohos.sceneboard/HOME: fatal error: out of memory, heap size 512MB exceeded
05-22 17:30:02.751  9680  9742 W A01B02/com.ohos.applauncher/MainAbility: def pattern match successful for flow checkpoint
05-22 17:30:02.772  8247  8425 D C02D01/com.ohos.settings/Bluetooth: battery level: 85%, charging: false
05-22 17:30:02.796  8704  8833 D C02D01/com.ohos.settings/Bluetooth: audio focus request granted for stream music
05-22 17:30:02.808  8750  8763 W A01B02/com.ohos.applauncher/MainAbility: page navigation: HOME -> Settings
05-22 17:30:02.830  8921  9087 D E02F01/com.ohos.hiview/HiViewService: audio focus request granted for stream music
05-22 17:30:02.834  8105  8286 I D01A01/com.ohos.devicemanager/PowerManager: memory usage: 320MB, available: 180MB
05-22 17:30:02.864  9721  9730 I D01A01/com.ohos.devicemanager/PowerManager: background task timeout, killing process
05-22 17:30:02.893  8987  9154 I A01B02/com.ohos.applauncher/MainAbility: onStart ability completed successfully
05-22 17:30:02.911  8023  8138 D A01B01/com.ohos.sceneboard/HOME: ANR detected in main thread, stack trace: com.ohos.app.launch
05-22 17:30:02.918  8098  8289 W E02F01/com.ohos.hiview/HiViewService: bluetooth device connected: Headset_Pro
05-22 17:30:02.935  8826  8922 W B03C01/com.ohos.multimedia/AudioService: page navigation: HOME -> Settings
05-22 17:30:02.952  8739  8744 W C02D01/com.ohos.settings/Bluetooth: audio focus request granted for stream music
05-22 17:30:02.962  9761  9860 D B03C01/com.ohos.multimedia/AudioService: memory usage: 320MB, available: 180MB
05-22 17:30:02.985  9646  9685 I D01A01/com.ohos.devicemanager/PowerManager: def pattern match successful for flow checkpoint
05-22 17:30:02.995  9775  9899 W A01B02/com.ohos.applauncher/MainAbility: background task timeout, killing process
05-22 17:30:02.998  8053  8135 D B03C01/com.ohos.multimedia/AudioService: onStart ability completed successfully
05-22 17:30:03.000  9775  9863 I D01A01/com.ohos.devicemanager/PowerManager: bluetooth device connected: Headset_Pro
05-22 17:30:03.005  8012  8154 W D01A01/com.ohos.devicemanager/PowerManager: data sync completed, records: 2048
05-22 17:30:03.024  9472  9581 E E02F01/com.ohos.hiview/HiViewService: fatal error: out of memory, heap size 512MB exceeded
05-22 17:30:03.049  8207  8218 D D01A01/com.ohos.devicemanager/PowerManager: database query executed in 45ms
05-22 17:30:03.064  9207  9280 D A01B02/com.ohos.applauncher/MainAbility: permission denied: location requires user grant
05-22 17:30:03.066  8551  8746 D D01A01/com.ohos.devicemanager/PowerManager: background task timeout, killing process
05-22 17:30:03.080  9585  9780 W A01B02/com.ohos.applauncher/MainAbility: network state changed: WIFI -> 5G
05-22 17:30:03.092  9210  9335 W C02D01/com.ohos.settings/Bluetooth: onStart ability completed successfully
05-22 17:30:03.114  8476  8604 D A01B02/com.ohos.applauncher/MainAbility: ANR detected in main thread, stack trace: com.ohos.app.launch
05-22 17:30:03.124  9628  9763 D C02D01/com.ohos.settings/Bluetooth: data sync completed, records: 2048
05-22 17:30:03.152  8215  8281 I A01B02/com.ohos.applauncher/MainAbility: incoming call from 13800138000
05-22 17:30:03.162  8733  8852 I E02F01/com.ohos.hiview/HiViewService: page navigation: HOME -> Settings
05-22 17:30:03.184  9407  9454 I E02F01/com.ohos.hiview/HiViewService: permission denied: location requires user grant
05-22 17:30:03.214  8026  8063 I A01B01/com.ohos.sceneboard/HOME: incoming call from 13800138000
05-22 17:30:03.214  9675  9862 I E02F01/com.ohos.hiview/HiViewService: network state changed: WIFI -> 5G
05-22 17:30:03.224  9129  9241 I A01B01/com.ohos.sceneboard/HOME: network state changed: WIFI -> 5G
05-22 17:30:03.246  9469  9549 W A01B02/com.ohos.applauncher/MainAbility: audio focus request granted for stream music
05-22 17:30:03.269  9634  9772 E B03C01/com.ohos.multimedia/AudioService: permission denied: location requires user grant
05-22 17:30:03.280  8464  8645 I D01A01/com.ohos.devicemanager/PowerManager: database query executed in 45ms
05-22 17:30:03.296  9346  9354 I E02F01/com.ohos.hiview/HiViewService: memory usage: 320MB, available: 180MB
05-22 17:30:03.302  9589  9675 D A01B02/com.ohos.applauncher/MainAbility: battery level: 85%, charging: false
05-22 17:30:03.315  8810  8821 I D01A01/com.ohos.devicemanager/PowerManager: database query executed in 45ms
05-22 17:30:03.338  9668  9669 I D01A01/com.ohos.devicemanager/PowerManager: ANR detected in main thread, stack trace: com.ohos.app.launch
05-22 17:30:03.354  8843  8949 I A01B02/com.ohos.applauncher/MainAbility: background task timeout, killing process
05-22 17:30:03.384  8475  8490 D E02F01/com.ohos.hiview/HiViewService: bluetooth device connected: Headset_Pro
05-22 17:30:03.407  8545  8658 I C02D01/com.ohos.settings/Bluetooth: memory usage: 320MB, available: 180MB
05-22 17:30:03.428  9298  9441 D A01B01/com.ohos.sceneboard/HOME: page navigation: HOME -> Settings
05-22 17:30:03.454  8811  8844 I D01A01/com.ohos.devicemanager/PowerManager: def pattern match successful for flow checkpoint
05-22 17:30:03.466  8650  8804 I D01A01/com.ohos.devicemanager/PowerManager: network state changed: WIFI -> 5G
05-22 17:30:03.485  9791  9879 I B03C01/com.ohos.multimedia/AudioService: incoming call from 13800138000
05-22 17:30:03.502  9792  9910 I B03C01/com.ohos.multimedia/AudioService: page navigation: HOME -> Settings
05-22 17:30:03.519  8225  8404 W A01B02/com.ohos.applauncher/MainAbility: page navigation: HOME -> Settings
05-22 17:30:03.538  8002  8083 D A01B01/com.ohos.sceneboard/HOME: memory usage: 320MB, available: 180MB
05-22 17:30:03.553  9859  9990 D C02D01/com.ohos.settings/Bluetooth: battery level: 85%, charging: false
05-22 17:30:03.581  8799  8954 D A01B01/com.ohos.sceneboard/HOME: data sync completed, records: 2048
05-22 17:30:03.582  8466  8546 W C02D01/com.ohos.settings/Bluetooth: data sync completed, records: 2048
05-22 17:30:03.591  8407  8501 I A01B01/com.ohos.sceneboard/HOME: bluetooth device connected: Headset_Pro
05-22 17:30:03.614  8580  8631 D E02F01/com.ohos.hiview/HiViewService: onStart ability completed successfully
05-22 17:30:03.635  8371  8545 I B03C01/com.ohos.multimedia/AudioService: page navigation: HOME -> Settings
05-22 17:30:03.645  9953  9966 I A01B01/com.ohos.sceneboard/HOME: crash detected: NullPointerException at MainAbility.onForeground
05-22 17:30:03.648  8489  8650 D D01A01/com.ohos.devicemanager/PowerManager: def pattern match successful for flow checkpoint
05-22 17:30:03.652  8154  8246 W C02D01/com.ohos.settings/Bluetooth: page navigation: HOME -> Settings
05-22 17:30:03.669  9058  9190 W A01B01/com.ohos.sceneboard/HOME: network state changed: WIFI -> 5G
05-22 17:30:03.688  8753  8919 D D01A01/com.ohos.devicemanager/PowerManager: crash detected: NullPointerException at MainAbility.onForeground
05-22 17:30:03.692  9969  9978 D A01B02/com.ohos.applauncher/MainAbility: bluetooth device connected: Headset_Pro
05-22 17:30:03.703  9040  9235 I A01B01/com.ohos.sceneboard/HOME: crash detected: NullPointerException at MainAbility.onForeground
05-22 17:30:03.703  9330  9530 W E02F01/com.ohos.hiview/HiViewService: data sync completed, records: 2048
05-22 17:30:03.707  9148  9313 I D01A01/com.ohos.devicemanager/PowerManager: permission denied: location requires user grant
05-22 17:30:03.714  9004  9173 I C02D01/com.ohos.settings/Bluetooth: data sync completed, records: 2048
05-22 17:30:03.737  9920  9925 I A01B02/com.ohos.applauncher/MainAbility: fatal error: out of memory, heap size 512MB exceeded
05-22 17:30:03.755  8826  8926 W A01B01/com.ohos.sceneboard/HOME: network state changed: WIFI -> 5G
05-22 17:30:03.777  8143  8247 I A01B01/com.ohos.sceneboard/HOME: ANR detected in main thread, stack trace: com.ohos.app.launch
05-22 17:30:03.782  8968  9009 D C02D01/com.ohos.settings/Bluetooth: page navigation: HOME -> Settings
05-22 17:30:03.785  9926  10124 W B03C01/com.ohos.multimedia/AudioService: crash detected: NullPointerException at MainAbility.onForeground
05-22 17:30:03.792  9520  9708 I C02D01/com.ohos.settings/Bluetooth: data sync completed, records: 2048
05-22 17:30:03.810  8562  8658 D A01B01/com.ohos.sceneboard/HOME: battery level: 85%, charging: false
05-22 17:30:03.819  9195  9387 W A01B02/com.ohos.applauncher/MainAbility: network state changed: WIFI -> 5G
05-22 17:30:03.827  9025  9065 D B03C01/com.ohos.multimedia/AudioService: database query executed in 45ms
05-22 17:30:03.830  8185  8230 D C02D01/com.ohos.settings/Bluetooth: network state changed: WIFI -> 5G
05-22 17:30:03.832  9252  9285 I A01B02/com.ohos.applauncher/MainAbility: onStart ability completed successfully
05-22 17:30:03.836  8765  8767 I E02F01/com.ohos.hiview/HiViewService: onStart ability completed successfully
05-22 17:30:03.853  9667  9831 I A01B02/com.ohos.applauncher/MainAbility: network state changed: WIFI -> 5G
05-22 17:30:03.864  8223  8304 D E02F01/com.ohos.hiview/HiViewService: battery level: 85%, charging: false
05-22 17:30:03.876  8728  8815 I A01B01/com.ohos.sceneboard/HOME: bluetooth device connected: Headset_Pro
05-22 17:30:03.901  8092  8271 I A01B02/com.ohos.applauncher/MainAbility: onStart ability completed successfully
05-22 17:30:03.911  8530  8652 D A01B02/com.ohos.applauncher/MainAbility: ANR detected in main thread, stack trace: com.ohos.app.launch
05-22 17:30:03.913  9459  9593 W C02D01/com.ohos.settings/Bluetooth: network state changed: WIFI -> 5G
05-22 17:30:03.921  9232  9280 I A01B01/com.ohos.sceneboard/HOME: background task timeout, killing process
05-22 17:30:03.932  8894  9013 I B03C01/com.ohos.multimedia/AudioService: def pattern match successful for flow checkpoint
05-22 17:30:03.960  9046  9117 I C02D01/com.ohos.settings/Bluetooth: ANR detected in main thread, stack trace: com.ohos.app.launch
05-22 17:30:03.984  9463  9516 W A01B02/com.ohos.applauncher/MainAbility: page navigation: HOME -> Settings
05-22 17:30:04.002  9523  9658 D A01B01/com.ohos.sceneboard/HOME: ANR detected in main thread, stack trace: com.ohos.app.launch
05-22 17:30:04.018  8791  8832 I D01A01/com.ohos.devicemanager/PowerManager: background task timeout, killing process
05-22 17:30:04.035  9771  9904 D A01B02/com.ohos.applauncher/MainAbility: page navigation: HOME -> Settings
05-22 17:30:04.036  8741  8776 W B03C01/com.ohos.multimedia/AudioService: memory usage: 320MB, available: 180MB
05-22 17:30:04.057  9551  9606 D A01B01/com.ohos.sceneboard/HOME: page navigation: HOME -> Settings
05-22 17:30:04.064  9047  9070 W D01A01/com.ohos.devicemanager/PowerManager: data sync completed, records: 2048
05-22 17:30:04.078  8416  8569 I D01A01/com.ohos.devicemanager/PowerManager: permission denied: location requires user grant
05-22 17:30:04.101  9899  9907 I E02F01/com.ohos.hiview/HiViewService: data sync completed, records: 2048
05-22 17:30:04.130  9955  10112 I C02D01/com.ohos.settings/Bluetooth: data sync completed, records: 2048
05-22 17:30:04.151  9369  9540 W A01B02/com.ohos.applauncher/MainAbility: def pattern match successful for flow checkpoint
05-22 17:30:04.172  8379  8384 D A01B01/com.ohos.sceneboard/HOME: memory usage: 320MB, available: 180MB
05-22 17:30:04.182  8013  8213 E B03C01/com.ohos.multimedia/AudioService: audio focus request granted for stream music
05-22 17:30:04.210  8796  8842 D E02F01/com.ohos.hiview/HiViewService: background task timeout, killing process
05-22 17:30:04.227  9060  9091 I E02F01/com.ohos.hiview/HiViewService: crash detected: NullPointerException at MainAbility.onForeground
05-22 17:30:04.245  8692  8740 D D01A01/com.ohos.devicemanager/PowerManager: crash detected: NullPointerException at MainAbility.onForeground
05-22 17:30:04.269  9853  10040 D B03C01/com.ohos.multimedia/AudioService: incoming call from 13800138000
05-22 17:30:04.287  9370  9421 W C02D01/com.ohos.settings/Bluetooth: bluetooth device connected: Headset_Pro
05-22 17:30:04.300  9211  9307 I A01B02/com.ohos.applauncher/MainAbility: page navigation: HOME -> Settings
05-22 17:30:04.301  8250  8409 D D01A01/com.ohos.devicemanager/PowerManager: fatal error: out of memory, heap size 512MB exceeded
05-22 17:30:04.312  9812  9878 E E02F01/com.ohos.hiview/HiViewService: bluetooth device connected: Headset_Pro
05-22 17:30:04.317  9204  9327 I B03C01/com.ohos.multimedia/AudioService: bluetooth device connected: Headset_Pro
05-22 17:30:04.332  8388  8434 W A01B01/com.ohos.sceneboard/HOME: memory usage: 320MB, available: 180MB
05-22 17:30:04.352  9851  9898 D B03C01/com.ohos.multimedia/AudioService: memory usage: 320MB, available: 180MB
05-22 17:30:04.357  8439  8582 E B03C01/com.ohos.multimedia/AudioService: incoming call from 13800138000
05-22 17:30:04.367  8176  8176 I D01A01/com.ohos.devicemanager/PowerManager: permission denied: location requires user grant
05-22 17:30:04.387  8820  8845 I A01B01/com.ohos.sceneboard/HOME: database query executed in 45ms
05-22 17:30:04.393  8220  8296 I A01B02/com.ohos.applauncher/MainAbility: incoming call from 13800138000
05-22 17:30:04.410  8076  8105 D E02F01/com.ohos.hiview/HiViewService: crash detected: NullPointerException at MainAbility.onForeground
05-22 17:30:04.415  8354  8420 I E02F01/com.ohos.hiview/HiViewService: network state changed: WIFI -> 5G
05-22 17:30:04.421  9774  9923 D C02D01/com.ohos.settings/Bluetooth: crash detected: NullPointerException at MainAbility.onForeground
05-22 17:30:04.426  9128  9153 D E02F01/com.ohos.hiview/HiViewService: onStart ability completed successfully
05-22 17:30:04.442  8267  8366 I E02F01/com.ohos.hiview/HiViewService: page navigation: HOME -> Settings
05-22 17:30:04.453  9651  9802 D D01A01/com.ohos.devicemanager/PowerManager: network state changed: WIFI -> 5G
05-22 17:30:04.468  9007  9137 E A01B02/com.ohos.applauncher/MainAbility: data sync completed, records: 2048
05-22 17:30:04.492  9561  9722 I D01A01/com.ohos.devicemanager/PowerManager: page navigation: HOME -> Settings
05-22 17:30:04.504  9351  9429 I A01B02/com.ohos.applauncher/MainAbility: crash detected: NullPointerException at MainAbility.onForeground
05-22 17:30:04.525  8766  8839 D A01B02/com.ohos.applauncher/MainAbility: def pattern match successful for flow checkpoint
05-22 17:30:04.533  9058  9241 E A01B01/com.ohos.sceneboard/HOME: onStart ability completed successfully
05-22 17:30:04.535  9489  9645 W A01B02/com.ohos.applauncher/MainAbility: database query executed in 45ms
05-22 17:30:04.545  9097  9297 I B03C01/com.ohos.multimedia/AudioService: database query executed in 45ms
05-22 17:30:04.567  8959  9053 W D01A01/com.ohos.devicemanager/PowerManager: ANR detected in main thread, stack trace: com.ohos.app.launch
05-22 17:30:04.581  8741  8901 W A01B02/com.ohos.applauncher/MainAbility: permission denied: location requires user grant
05-22 17:30:04.598  8661  8808 D E02F01/com.ohos.hiview/HiViewService: permission denied: location requires user grant
05-22 17:30:04.612  8610  8636 D A01B02/com.ohos.applauncher/MainAbility: ANR detected in main thread, stack trace: com.ohos.app.launch
05-22 17:30:04.614  9989  10125 I E02F01/com.ohos.hiview/HiViewService: def pattern match successful for flow checkpoint
05-22 17:30:04.622  8709  8737 I C02D01/com.ohos.settings/Bluetooth: ANR detected in main thread, stack trace: com.ohos.app.launch
05-22 17:30:04.623  9871  9988 E A01B02/com.ohos.applauncher/MainAbility: onStart ability completed successfully
05-22 17:30:04.624  8815  9014 I D01A01/com.ohos.devicemanager/PowerManager: memory usage: 320MB, available: 180MB
05-22 17:30:04.641  8757  8845 D A01B01/com.ohos.sceneboard/HOME: bluetooth device connected: Headset_Pro
05-22 17:30:04.649  9935  10037 D C02D01/com.ohos.settings/Bluetooth: audio focus request granted for stream music
05-22 17:30:04.672  8829  8898 D C02D01/com.ohos.settings/Bluetooth: database query executed in 45ms
05-22 17:30:04.689  9428  9613 D A01B02/com.ohos.applauncher/MainAbility: permission denied: location requires user grant
05-22 17:30:04.706  9849  9890 E A01B01/com.ohos.sceneboard/HOME: fatal error: out of memory, heap size 512MB exceeded
05-22 17:30:04.730  8175  8195 D D01A01/com.ohos.devicemanager/PowerManager: incoming call from 13800138000
05-22 17:30:04.745  8133  8146 D B03C01/com.ohos.multimedia/AudioService: permission denied: location requires user grant
05-22 17:30:04.745  9795  9842 D B03C01/com.ohos.multimedia/AudioService: audio focus request granted for stream music
05-22 17:30:04.755  8343  8467 W E02F01/com.ohos.hiview/HiViewService: incoming call from 13800138000
05-22 17:30:04.776  9532  9662 I D01A01/com.ohos.devicemanager/PowerManager: fatal error: out of memory, heap size 512MB exceeded
05-22 17:30:04.777  9876  9912 I C02D01/com.ohos.settings/Bluetooth: bluetooth device connected: Headset_Pro
05-22 17:30:04.794  9856  9910 I A01B01/com.ohos.sceneboard/HOME: crash detected: NullPointerException at MainAbility.onForeground
05-22 17:30:04.822  9777  9839 W B03C01/com.ohos.multimedia/AudioService: database query executed in 45ms
05-22 17:30:04.840  9558  9728 D C02D01/com.ohos.settings/Bluetooth: onStart ability completed successfully
05-22 17:30:04.866  9516  9522 I E02F01/com.ohos.hiview/HiViewService: database query executed in 45ms
05-22 17:30:04.878  9620  9739 E D01A01/com.ohos.devicemanager/PowerManager: page navigation: HOME -> Settings
05-22 17:30:04.907  8776  8786 I A01B01/com.ohos.sceneboard/HOME: database query executed in 45ms
05-22 17:30:04.916  9344  9486 W A01B01/com.ohos.sceneboard/HOME: ANR detected in main thread, stack trace: com.ohos.app.launch
05-22 17:30:04.939  8062  8243 I E02F01/com.ohos.hiview/HiViewService: incoming call from 13800138000
05-22 17:30:04.968  8069  8158 I A01B01/com.ohos.sceneboard/HOME: fatal error: out of memory, heap size 512MB exceeded
05-22 17:30:04.997  8488  8511 D B03C01/com.ohos.multimedia/AudioService: battery level: 85%, charging: false
05-22 17:30:05.027  9130  9137 I D01A01/com.ohos.devicemanager/PowerManager: def pattern match successful for flow checkpoint
05-22 17:30:05.031  9392  9409 D C02D01/com.ohos.settings/Bluetooth: incoming call from 13800138000
05-22 17:30:05.044  8349  8468 I C02D01/com.ohos.settings/Bluetooth: bluetooth device connected: Headset_Pro
05-22 17:30:05.066  8239  8272 W D01A01/com.ohos.devicemanager/PowerManager: memory usage: 320MB, available: 180MB
05-22 17:30:05.068  8055  8243 D A01B01/com.ohos.sceneboard/HOME: battery level: 85%, charging: false
05-22 17:30:05.090  8911  8995 I D01A01/com.ohos.devicemanager/PowerManager: page navigation: HOME -> Settings
05-22 17:30:05.095  8400  8563 E A01B01/com.ohos.sceneboard/HOME: network state changed: WIFI -> 5G
05-22 17:30:05.123  8043  8110 I B03C01/com.ohos.multimedia/AudioService: fatal error: out of memory, heap size 512MB exceeded
05-22 17:30:05.145  8223  8384 I D01A01/com.ohos.devicemanager/PowerManager: network state changed: WIFI -> 5G
05-22 17:30:05.171  9935  9966 I D01A01/com.ohos.devicemanager/PowerManager: database query executed in 45ms
05-22 17:30:05.190  9551  9741 I B03C01/com.ohos.multimedia/AudioService: fatal error: out of memory, heap size 512MB exceeded
05-22 17:30:05.200  9169  9294 I A01B02/com.ohos.applauncher/MainAbility: background task timeout, killing process
05-22 17:30:05.227  9790  9901 I D01A01/com.ohos.devicemanager/PowerManager: audio focus request granted for stream music
05-22 17:30:05.227  8461  8522 D A01B01/com.ohos.sceneboard/HOME: network state changed: WIFI -> 5G
05-22 17:30:05.251  9843  9883 D A01B02/com.ohos.applauncher/MainAbility: data sync completed, records: 2048
05-22 17:30:05.276  8512  8553 D E02F01/com.ohos.hiview/HiViewService: data sync completed, records: 2048
05-22 17:30:05.276  8321  8387 I E02F01/com.ohos.hiview/HiViewService: crash detected: NullPointerException at MainAbility.onForeground
05-22 17:30:05.291  9053  9214 W A01B02/com.ohos.applauncher/MainAbility: def pattern match successful for flow checkpoint
05-22 17:30:05.293  8241  8385 E A01B01/com.ohos.sceneboard/HOME: page navigation: HOME -> Settings
05-22 17:30:05.321  8165  8353 W A01B01/com.ohos.sceneboard/HOME: incoming call from 13800138000
05-22 17:30:05.327  8520  8643 D A01B01/com.ohos.sceneboard/HOME: database query executed in 45ms
05-22 17:30:05.353  9611  9737 I A01B02/com.ohos.applauncher/MainAbility: ANR detected in main thread, stack trace: com.ohos.app.launch
05-22 17:30:05.366  9157  9228 I A01B02/com.ohos.applauncher/MainAbility: audio focus request granted for stream music
05-22 17:30:05.384  9565  9642 I D01A01/com.ohos.devicemanager/PowerManager: data sync completed, records: 2048
05-22 17:30:05.407  9469  9543 D A01B01/com.ohos.sceneboard/HOME: incoming call from 13800138000
05-22 17:30:05.417  8004  8101 W B03C01/com.ohos.multimedia/AudioService: data sync completed, records: 2048
05-22 17:30:05.419  8639  8641 D C02D01/com.ohos.settings/Bluetooth: crash detected: NullPointerException at MainAbility.onForeground
05-22 17:30:05.432  9576  9759 I A01B02/com.ohos.applauncher/MainAbility: page navigation: HOME -> Settings
05-22 17:30:05.444  8307  8388 W E02F01/com.ohos.hiview/HiViewService: page navigation: HOME -> Settings
05-22 17:30:05.468  9207  9390 I B03C01/com.ohos.multimedia/AudioService: permission denied: location requires user grant
05-22 17:30:05.474  9690  9794 D B03C01/com.ohos.multimedia/AudioService: background task timeout, killing process
05-22 17:30:05.494  8540  8587 D B03C01/com.ohos.multimedia/AudioService: fatal error: out of memory, heap size 512MB exceeded
05-22 17:30:05.524  8513  8676 W D01A01/com.ohos.devicemanager/PowerManager: network state changed: WIFI -> 5G
05-22 17:30:05.553  8964  9098 I A01B02/com.ohos.applauncher/MainAbility: network state changed: WIFI -> 5G
05-22 17:30:05.576  9337  9533 D C02D01/com.ohos.settings/Bluetooth: permission denied: location requires user grant
05-22 17:30:05.582  9799  9875 D A01B02/com.ohos.applauncher/MainAbility: crash detected: NullPointerException at MainAbility.onForeground
05-22 17:30:05.584  9338  9502 D B03C01/com.ohos.multimedia/AudioService: battery level: 85%, charging: false
05-22 17:30:05.600  8396  8467 D C02D01/com.ohos.settings/Bluetooth: background task timeout, killing process
05-22 17:30:05.610  9654  9849 W C02D01/com.ohos.settings/Bluetooth: onStart ability completed successfully
05-22 17:30:05.617  9987  10054 I A01B01/com.ohos.sceneboard/HOME: crash detected: NullPointerException at MainAbility.onForeground
05-22 17:30:05.637  9344  9533 D D01A01/com.ohos.devicemanager/PowerManager: page navigation: HOME -> Settings
05-22 17:30:05.638  8936  9116 W C02D01/com.ohos.settings/Bluetooth: onStart ability completed successfully
05-22 17:30:05.650  9830  9873 I D01A01/com.ohos.devicemanager/PowerManager: battery level: 85%, charging: false
05-22 17:30:05.655  8813  8830 W D01A01/com.ohos.devicemanager/PowerManager: ANR detected in main thread, stack trace: com.ohos.app.launch
05-22 17:30:05.677  9824  9887 I E02F01/com.ohos.hiview/HiViewService: data sync completed, records: 2048
05-22 17:30:05.690  9541  9684 E C02D01/com.ohos.settings/Bluetooth: fatal error: out of memory, heap size 512MB exceeded
05-22 17:30:05.714  9535  9719 I B03C01/com.ohos.multimedia/AudioService: page navigation: HOME -> Settings
05-22 17:30:05.742  9798  9882 W D01A01/com.ohos.devicemanager/PowerManager: def pattern match successful for flow checkpoint
05-22 17:30:05.748  8509  8622 D B03C01/com.ohos.multimedia/AudioService: background task timeout, killing process
05-22 17:30:05.755  9516  9630 W E02F01/com.ohos.hiview/HiViewService: audio focus request granted for stream music
05-22 17:30:05.759  8674  8846 I B03C01/com.ohos.multimedia/AudioService: background task timeout, killing process
05-22 17:30:05.765  8072  8107 I A01B01/com.ohos.sceneboard/HOME: ANR detected in main thread, stack trace: com.ohos.app.launch
05-22 17:30:05.771  8090  8122 I A01B02/com.ohos.applauncher/MainAbility: memory usage: 320MB, available: 180MB
05-22 17:30:05.777  8357  8416 I E02F01/com.ohos.hiview/HiViewService: ANR detected in main thread, stack trace: com.ohos.app.launch
05-22 17:30:05.784  8793  8837 D B03C01/com.ohos.multimedia/AudioService: audio focus request granted for stream music
05-22 17:30:05.813  8751  8816 W D01A01/com.ohos.devicemanager/PowerManager: incoming call from 13800138000
05-22 17:30:05.834  8321  8472 I D01A01/com.ohos.devicemanager/PowerManager: permission denied: location requires user grant
05-22 17:30:05.839  9625  9769 D A01B01/com.ohos.sceneboard/HOME: crash detected: NullPointerException at MainAbility.onForeground
05-22 17:30:05.857  9492  9602 W B03C01/com.ohos.multimedia/AudioService: background task timeout, killing process
05-22 17:30:05.886  8584  8720 W A01B01/com.ohos.sceneboard/HOME: network state changed: WIFI -> 5G
05-22 17:30:05.902  8791  8974 D C02D01/com.ohos.settings/Bluetooth: def pattern match successful for flow checkpoint
05-22 17:30:05.913  8852  8948 I D01A01/com.ohos.devicemanager/PowerManager: incoming call from 13800138000
05-22 17:30:05.936  9887  9951 W E02F01/com.ohos.hiview/HiViewService: database query executed in 45ms
05-22 17:30:05.948  8287  8452 W B03C01/com.ohos.multimedia/AudioService: page navigation: HOME -> Settings
05-22 17:30:05.949  9157  9264 I E02F01/com.ohos.hiview/HiViewService: ANR detected in main thread, stack trace: com.ohos.app.launch
05-22 17:30:05.960  9149  9152 D B03C01/com.ohos.multimedia/AudioService: incoming call from 13800138000
05-22 17:30:05.979  8563  8608 D A01B02/com.ohos.applauncher/MainAbility: permission denied: location requires user grant
05-22 17:30:06.004  9033  9180 D A01B02/com.ohos.applauncher/MainAbility: crash detected: NullPointerException at MainAbility.onForeground
05-22 17:30:06.017  9734  9734 D A01B01/com.ohos.sceneboard/HOME: battery level: 85%, charging: false
05-22 17:30:06.029  9714  9842 W C02D01/com.ohos.settings/Bluetooth: background task timeout, killing process
05-22 17:30:06.051  9531  9587 D E02F01/com.ohos.hiview/HiViewService: incoming call from 13800138000
05-22 17:30:06.071  8746  8817 I E02F01/com.ohos.hiview/HiViewService: def pattern match successful for flow checkpoint
05-22 17:30:06.075  9314  9370 I A01B01/com.ohos.sceneboard/HOME: background task timeout, killing process
05-22 17:30:06.076  9637  9682 I D01A01/com.ohos.devicemanager/PowerManager: page navigation: HOME -> Settings
05-22 17:30:06.105  9049  9148 D C02D01/com.ohos.settings/Bluetooth: def pattern match successful for flow checkpoint
05-22 17:30:06.109  8725  8736 I E02F01/com.ohos.hiview/HiViewService: data sync completed, records: 2048
05-22 17:30:06.123  9345  9466 I A01B02/com.ohos.applauncher/MainAbility: bluetooth device connected: Headset_Pro
05-22 17:30:06.127  8885  8947 I C02D01/com.ohos.settings/Bluetooth: page navigation: HOME -> Settings
05-22 17:30:06.128  8432  8596 E A01B01/com.ohos.sceneboard/HOME: network state changed: WIFI -> 5G
05-22 17:30:06.129  8604  8736 E D01A01/com.ohos.devicemanager/PowerManager: crash detected: NullPointerException at MainAbility.onForeground
05-22 17:30:06.137  8285  8478 W E02F01/com.ohos.hiview/HiViewService: database query executed in 45ms
05-22 17:30:06.138  9196  9306 I C02D01/com.ohos.settings/Bluetooth: ANR detected in main thread, stack trace: com.ohos.app.launch
05-22 17:30:06.141  8415  8437 W A01B01/com.ohos.sceneboard/HOME: battery level: 85%, charging: false
05-22 17:30:06.156  9814  9838 D C02D01/com.ohos.settings/Bluetooth: page navigation: HOME -> Settings
05-22 17:30:06.156  9541  9590 D C02D01/com.ohos.settings/Bluetooth: data sync completed, records: 2048
05-22 17:30:06.159  8597  8677 W B03C01/com.ohos.multimedia/AudioService: database query executed in 45ms
05-22 17:30:06.184  8117  8221 I D01A01/com.ohos.devicemanager/PowerManager: background task timeout, killing process
05-22 17:30:06.211  8699  8742 I C02D01/com.ohos.settings/Bluetooth: crash detected: NullPointerException at MainAbility.onForeground
05-22 17:30:06.213  8839  8868 D D01A01/com.ohos.devicemanager/PowerManager: incoming call from 13800138000
05-22 17:30:06.239  8083  8260 E C02D01/com.ohos.settings/Bluetooth: battery level: 85%, charging: false
05-22 17:30:06.251  8976  9166 W A01B02/com.ohos.applauncher/MainAbility: battery level: 85%, charging: false
05-22 17:30:06.264  8937  9086 I C02D01/com.ohos.settings/Bluetooth: background task timeout, killing process
05-22 17:30:06.279  9690  9877 I B03C01/com.ohos.multimedia/AudioService: permission denied: location requires user grant
05-22 17:30:06.291  9948  10057 D A01B02/com.ohos.applauncher/MainAbility: audio focus request granted for stream music
05-22 17:30:06.297  9137  9318 I A01B01/com.ohos.sceneboard/HOME: onStart ability completed successfully
05-22 17:30:06.307  8100  8276 I A01B02/com.ohos.applauncher/MainAbility: permission denied: location requires user grant
05-22 17:30:06.307  8622  8778 I E02F01/com.ohos.hiview/HiViewService: audio focus request granted for stream music
05-22 17:30:06.308  9414  9464 I A01B01/com.ohos.sceneboard/HOME: page navigation: HOME -> Settings
05-22 17:30:06.325  8836  8868 W B03C01/com.ohos.multimedia/AudioService: memory usage: 320MB, available: 180MB
05-22 17:30:06.353  8690  8774 D D01A01/com.ohos.devicemanager/PowerManager: incoming call from 13800138000
05-22 17:30:06.356  8099  8180 I D01A01/com.ohos.devicemanager/PowerManager: audio focus request granted for stream music
05-22 17:30:06.356  8119  8170 I E02F01/com.ohos.hiview/HiViewService: def pattern match successful for flow checkpoint
05-22 17:30:06.360  9351  9535 D A01B02/com.ohos.applauncher/MainAbility: page navigation: HOME -> Settings
05-22 17:30:06.369  8403  8460 I C02D01/com.ohos.settings/Bluetooth: data sync completed, records: 2048
05-22 17:30:06.374  9482  9651 W A01B02/com.ohos.applauncher/MainAbility: incoming call from 13800138000
05-22 17:30:06.402  9199  9360 D A01B02/com.ohos.applauncher/MainAbility: permission denied: location requires user grant
05-22 17:30:06.424  9339  9481 D A01B01/com.ohos.sceneboard/HOME: permission denied: location requires user grant
05-22 17:30:06.424  9450  9605 D C02D01/com.ohos.settings/Bluetooth: ANR detected in main thread, stack trace: com.ohos.app.launch
05-22 17:30:06.447  8059  8171 I A01B01/com.ohos.sceneboard/HOME: permission denied: location requires user grant
05-22 17:30:06.447  8828  8855 I B03C01/com.ohos.multimedia/AudioService: crash detected: NullPointerException at MainAbility.onForeground
05-22 17:30:06.471  8979  9130 I C02D01/com.ohos.settings/Bluetooth: ANR detected in main thread, stack trace: com.ohos.app.launch
05-22 17:30:06.493  9541  9678 E E02F01/com.ohos.hiview/HiViewService: data sync completed, records: 2048
05-22 17:30:06.510  9359  9379 E C02D01/com.ohos.settings/Bluetooth: database query executed in 45ms
05-22 17:30:06.531  9932  9952 I E02F01/com.ohos.hiview/HiViewService: def pattern match successful for flow checkpoint
05-22 17:30:06.533  9153  9166 W E02F01/com.ohos.hiview/HiViewService: crash detected: NullPointerException at MainAbility.onForeground
05-22 17:30:06.551  9364  9409 E A01B01/com.ohos.sceneboard/HOME: battery level: 85%, charging: false
05-22 17:30:06.570  8048  8145 I E02F01/com.ohos.hiview/HiViewService: incoming call from 13800138000
05-22 17:30:06.583  9430  9598 I B03C01/com.ohos.multimedia/AudioService: ANR detected in main thread, stack trace: com.ohos.app.launch
05-22 17:30:06.591  9182  9225 I E02F01/com.ohos.hiview/HiViewService: page navigation: HOME -> Settings
05-22 17:30:06.607  9940  10118 D E02F01/com.ohos.hiview/HiViewService: data sync completed, records: 2048
05-22 17:30:06.635  9804  9991 I A01B01/com.ohos.sceneboard/HOME: memory usage: 320MB, available: 180MB
05-22 17:30:06.665  9301  9460 E B03C01/com.ohos.multimedia/AudioService: data sync completed, records: 2048
05-22 17:30:06.674  9697  9859 I E02F01/com.ohos.hiview/HiViewService: def pattern match successful for flow checkpoint
05-22 17:30:06.700  9242  9405 W C02D01/com.ohos.settings/Bluetooth: battery level: 85%, charging: false
05-22 17:30:06.708  8963  9115 E E02F01/com.ohos.hiview/HiViewService: permission denied: location requires user grant
05-22 17:30:06.723  9369  9511 D E02F01/com.ohos.hiview/HiViewService: incoming call from 13800138000
05-22 17:30:06.739  8152  8309 D B03C01/com.ohos.multimedia/AudioService: permission denied: location requires user grant
05-22 17:30:06.740  8164  8284 I A01B01/com.ohos.sceneboard/HOME: fatal error: out of memory, heap size 512MB exceeded
05-22 17:30:06.765  9635  9709 W D01A01/com.ohos.devicemanager/PowerManager: battery level: 85%, charging: false
05-22 17:30:06.777  8046  8213 D A01B01/com.ohos.sceneboard/HOME: def pattern match successful for flow checkpoint
05-22 17:30:06.803  8971  9096 D E02F01/com.ohos.hiview/HiViewService: data sync completed, records: 2048
05-22 17:30:06.806  9057  9202 D D01A01/com.ohos.devicemanager/PowerManager: data sync completed, records: 2048
05-22 17:30:06.834  9301  9331 I C02D01/com.ohos.settings/Bluetooth: audio focus request granted for stream music
05-22 17:30:06.851  8863  8962 E A01B01/com.ohos.sceneboard/HOME: fatal error: out of memory, heap size 512MB exceeded
05-22 17:30:06.864  9920  10021 D D01A01/com.ohos.devicemanager/PowerManager: ANR detected in main thread, stack trace: com.ohos.app.launch
05-22 17:30:06.873  8708  8761 W B03C01/com.ohos.multimedia/AudioService: background task timeout, killing process
05-22 17:30:06.887  8169  8225 W A01B02/com.ohos.applauncher/MainAbility: incoming call from 13800138000
05-22 17:30:06.897  9803  9824 I C02D01/com.ohos.settings/Bluetooth: permission denied: location requires user grant
05-22 17:30:06.900  9876  10066 D A01B01/com.ohos.sceneboard/HOME: battery level: 85%, charging: false
05-22 17:30:06.927  9278  9355 W A01B02/com.ohos.applauncher/MainAbility: data sync completed, records: 2048
05-22 17:30:06.930  9806  9883 I B03C01/com.ohos.multimedia/AudioService: background task timeout, killing process
05-22 17:30:06.944  8077  8077 I C02D01/com.ohos.settings/Bluetooth: fatal error: out of memory, heap size 512MB exceeded
05-22 17:30:06.957  8117  8265 I A01B01/com.ohos.sceneboard/HOME: onStart ability completed successfully
05-22 17:30:06.965  8633  8753 E D01A01/com.ohos.devicemanager/PowerManager: ANR detected in main thread, stack trace: com.ohos.app.launch
05-22 17:30:06.989  9038  9164 W E02F01/com.ohos.hiview/HiViewService: background task timeout, killing process
05-22 17:30:07.006  8263  8332 W D01A01/com.ohos.devicemanager/PowerManager: database query executed in 45ms
05-22 17:30:07.030  8647  8783 I E02F01/com.ohos.hiview/HiViewService: def pattern match successful for flow checkpoint
05-22 17:30:07.048  9565  9604 E A01B01/com.ohos.sceneboard/HOME: onStart ability completed successfully
05-22 17:30:07.066  8693  8737 I D01A01/com.ohos.devicemanager/PowerManager: ANR detected in main thread, stack trace: com.ohos.app.launch
05-22 17:30:07.088  8376  8489 I A01B02/com.ohos.applauncher/MainAbility: permission denied: location requires user grant
05-22 17:30:07.098  8761  8777 D C02D01/com.ohos.settings/Bluetooth: crash detected: NullPointerException at MainAbility.onForeground
05-22 17:30:07.116  8502  8571 W E02F01/com.ohos.hiview/HiViewService: audio focus request granted for stream music
05-22 17:30:07.144  8430  8554 D A01B01/com.ohos.sceneboard/HOME: audio focus request granted for stream music
05-22 17:30:07.151  8998  9179 D A01B02/com.ohos.applauncher/MainAbility: permission denied: location requires user grant
05-22 17:30:07.152  9672  9680 D C02D01/com.ohos.settings/Bluetooth: onStart ability completed successfully
05-22 17:30:07.166  8631  8707 I C02D01/com.ohos.settings/Bluetooth: fatal error: out of memory, heap size 512MB exceeded
05-22 17:30:07.193  8361  8558 D A01B02/com.ohos.applauncher/MainAbility: permission denied: location requires user grant
05-22 17:30:07.196  9911  10022 I A01B01/com.ohos.sceneboard/HOME: network state changed: WIFI -> 5G
05-22 17:30:07.225  8202  8354 E D01A01/com.ohos.devicemanager/PowerManager: incoming call from 13800138000
05-22 17:30:07.235  8196  8256 E D01A01/com.ohos.devicemanager/PowerManager: permission denied: location requires user grant
05-22 17:30:07.241  8914  9010 D A01B01/com.ohos.sceneboard/HOME: onStart ability completed successfully
05-22 17:30:07.262  9315  9363 W D01A01/com.ohos.devicemanager/PowerManager: database query executed in 45ms
05-22 17:30:07.272  9568  9720 W C02D01/com.ohos.settings/Bluetooth: crash detected: NullPointerException at MainAbility.onForeground
05-22 17:30:07.300  9289  9448 I E02F01/com.ohos.hiview/HiViewService: battery level: 85%, charging: false
05-22 17:30:07.300  9883  9965 I C02D01/com.ohos.settings/Bluetooth: audio focus request granted for stream music
05-22 17:30:07.304  9610  9749 D E02F01/com.ohos.hiview/HiViewService: database query executed in 45ms
05-22 17:30:07.318  8454  8494 I C02D01/com.ohos.settings/Bluetooth: fatal error: out of memory, heap size 512MB exceeded
05-22 17:30:07.326  8774  8944 D E02F01/com.ohos.hiview/HiViewService: incoming call from 13800138000
05-22 17:30:07.326  8587  8651 I A01B02/com.ohos.applauncher/MainAbility: bluetooth device connected: Headset_Pro
05-22 17:30:07.332  9817  9941 I B03C01/com.ohos.multimedia/AudioService: ANR detected in main thread, stack trace: com.ohos.app.launch
05-22 17:30:07.350  9948  10078 I A01B02/com.ohos.applauncher/MainAbility: network state changed: WIFI -> 5G
05-22 17:30:07.366  9149  9249 I A01B02/com.ohos.applauncher/MainAbility: battery level: 85%, charging: false
05-22 17:30:07.377  8064  8130 D E02F01/com.ohos.hiview/HiViewService: data sync completed, records: 2048
05-22 17:30:07.385  8760  8960 W A01B02/com.ohos.applauncher/MainAbility: audio focus request granted for stream music
05-22 17:30:07.399  8719  8773 I D01A01/com.ohos.devicemanager/PowerManager: battery level: 85%, charging: false
05-22 17:30:07.402  9451  9641 W C02D01/com.ohos.settings/Bluetooth: fatal error: out of memory, heap size 512MB exceeded
05-22 17:30:07.410  9540  9602 I A01B01/com.ohos.sceneboard/HOME: permission denied: location requires user grant
05-22 17:30:07.422  9376  9476 W E02F01/com.ohos.hiview/HiViewService: incoming call from 13800138000
05-22 17:30:07.433  9343  9394 I D01A01/com.ohos.devicemanager/PowerManager: def pattern match successful for flow checkpoint
05-22 17:30:07.455  8872  8977 I E02F01/com.ohos.hiview/HiViewService: bluetooth device connected: Headset_Pro
05-22 17:30:07.485  9967  10142 D D01A01/com.ohos.devicemanager/PowerManager: incoming call from 13800138000
05-22 17:30:07.506  9957  10141 I A01B02/com.ohos.applauncher/MainAbility: bluetooth device connected: Headset_Pro
05-22 17:30:07.517  9048  9168 W C02D01/com.ohos.settings/Bluetooth: audio focus request granted for stream music
05-22 17:30:07.530  9162  9308 W A01B02/com.ohos.applauncher/MainAbility: network state changed: WIFI -> 5G
05-22 17:30:07.541  8108  8188 I A01B01/com.ohos.sceneboard/HOME: permission denied: location requires user grant
05-22 17:30:07.569  9090  9207 I E02F01/com.ohos.hiview/HiViewService: background task timeout, killing process
05-22 17:30:07.596  9417  9567 D C02D01/com.ohos.settings/Bluetooth: bluetooth device connected: Headset_Pro
05-22 17:30:07.605  9149  9334 D E02F01/com.ohos.hiview/HiViewService: memory usage: 320MB, available: 180MB
05-22 17:30:07.614  8033  8069 W D01A01/com.ohos.devicemanager/PowerManager: battery level: 85%, charging: false
05-22 17:30:07.615  8902  8983 W A01B02/com.ohos.applauncher/MainAbility: background task timeout, killing process
05-22 17:30:07.637  9800  9989 I C02D01/com.ohos.settings/Bluetooth: onStart ability completed successfully
05-22 17:30:07.655  8379  8472 I C02D01/com.ohos.settings/Bluetooth: audio focus request granted for stream music
05-22 17:30:07.674  8518  8526 W A01B01/com.ohos.sceneboard/HOME: page navigation: HOME -> Settings
05-22 17:30:07.690  8910  9002 E A01B01/com.ohos.sceneboard/HOME: network state changed: WIFI -> 5G
05-22 17:30:07.698  8875  8898 D C02D01/com.ohos.settings/Bluetooth: memory usage: 320MB, available: 180MB
05-22 17:30:07.714  8966  9145 I B03C01/com.ohos.multimedia/AudioService: permission denied: location requires user grant
05-22 17:30:07.743  8181  8378 I E02F01/com.ohos.hiview/HiViewService: crash detected: NullPointerException at MainAbility.onForeground
05-22 17:30:07.771  8126  8168 D E02F01/com.ohos.hiview/HiViewService: network state changed: WIFI -> 5G
05-22 17:30:07.786  8318  8348 D E02F01/com.ohos.hiview/HiViewService: incoming call from 13800138000
05-22 17:30:07.807  9923  10056 W B03C01/com.ohos.multimedia/AudioService: crash detected: NullPointerException at MainAbility.onForeground
05-22 17:30:07.813  9863  9905 D A01B02/com.ohos.applauncher/MainAbility: page navigation: HOME -> Settings
05-22 17:30:07.829  8243  8417 I D01A01/com.ohos.devicemanager/PowerManager: crash detected: NullPointerException at MainAbility.onForeground
05-22 17:30:07.857  9696  9721 D D01A01/com.ohos.devicemanager/PowerManager: def pattern match successful for flow checkpoint
05-22 17:30:07.864  9732  9816 D A01B01/com.ohos.sceneboard/HOME: memory usage: 320MB, available: 180MB
05-22 17:30:07.871  9979  10062 D D01A01/com.ohos.devicemanager/PowerManager: fatal error: out of memory, heap size 512MB exceeded
05-22 17:30:07.883  9753  9791 I E02F01/com.ohos.hiview/HiViewService: background task timeout, killing process
05-22 17:30:07.884  8156  8284 D E02F01/com.ohos.hiview/HiViewService: network state changed: WIFI -> 5G
05-22 17:30:07.890  8210  8318 I C02D01/com.ohos.settings/Bluetooth: database query executed in 45ms
05-22 17:30:07.915  9446  9468 W A01B01/com.ohos.sceneboard/HOME: ANR detected in main thread, stack trace: com.ohos.app.launch
05-22 17:30:07.934  8143  8257 I C02D01/com.ohos.settings/Bluetooth: def pattern match successful for flow checkpoint
05-22 17:30:07.958  9513  9608 D A01B01/com.ohos.sceneboard/HOME: memory usage: 320MB, available: 180MB
05-22 17:30:07.985  9384  9526 D A01B02/com.ohos.applauncher/MainAbility: network state changed: WIFI -> 5G
05-22 17:30:08.015  8307  8330 I E02F01/com.ohos.hiview/HiViewService: background task timeout, killing process
05-22 17:30:08.026  8154  8170 I B03C01/com.ohos.multimedia/AudioService: bluetooth device connected: Headset_Pro
05-22 17:30:08.026  8163  8235 I C02D01/com.ohos.settings/Bluetooth: ANR detected in main thread, stack trace: com.ohos.app.launch
05-22 17:30:08.041  9568  9727 D A01B02/com.ohos.applauncher/MainAbility: database query executed in 45ms
05-22 17:30:08.057  9445  9469 E D01A01/com.ohos.devicemanager/PowerManager: fatal error: out of memory, heap size 512MB exceeded
05-22 17:30:08.078  9596  9715 W A01B02/com.ohos.applauncher/MainAbility: incoming call from 13800138000
05-22 17:30:08.085  8870  8900 W C02D01/com.ohos.settings/Bluetooth: incoming call from 13800138000
05-22 17:30:08.098  8065  8204 I E02F01/com.ohos.hiview/HiViewService: bluetooth device connected: Headset_Pro
05-22 17:30:08.101  9900  10014 W E02F01/com.ohos.hiview/HiViewService: database query executed in 45ms
05-22 17:30:08.130  9438  9533 W C02D01/com.ohos.settings/Bluetooth: network state changed: WIFI -> 5G
05-22 17:30:08.150  8385  8442 I E02F01/com.ohos.hiview/HiViewService: page navigation: HOME -> Settings
05-22 17:30:08.162  9316  9323 I B03C01/com.ohos.multimedia/AudioService: background task timeout, killing process
05-22 17:30:08.188  9173  9254 E C02D01/com.ohos.settings/Bluetooth: memory usage: 320MB, available: 180MB
05-22 17:30:08.195  9907  10095 D B03C01/com.ohos.multimedia/AudioService: background task timeout, killing process
05-22 17:30:08.215  9839  10033 W B03C01/com.ohos.multimedia/AudioService: audio focus request granted for stream music
05-22 17:30:08.241  9012  9146 D C02D01/com.ohos.settings/Bluetooth: network state changed: WIFI -> 5G
05-22 17:30:08.245  9899  9997 I C02D01/com.ohos.settings/Bluetooth: fatal error: out of memory, heap size 512MB exceeded
05-22 17:30:08.256  9109  9199 E C02D01/com.ohos.settings/Bluetooth: page navigation: HOME -> Settings
05-22 17:30:08.286  8737  8904 I D01A01/com.ohos.devicemanager/PowerManager: database query executed in 45ms
05-22 17:30:08.287  9409  9429 D A01B02/com.ohos.applauncher/MainAbility: bluetooth device connected: Headset_Pro
05-22 17:30:08.293  9153  9262 I D01A01/com.ohos.devicemanager/PowerManager: onStart ability completed successfully
05-22 17:30:08.297  8642  8670 D A01B02/com.ohos.applauncher/MainAbility: background task timeout, killing process
05-22 17:30:08.305  9450  9648 I D01A01/com.ohos.devicemanager/PowerManager: network state changed: WIFI -> 5G
05-22 17:30:08.319  8339  8387 I A01B01/com.ohos.sceneboard/HOME: network state changed: WIFI -> 5G
05-22 17:30:08.343  8845  8910 D A01B02/com.ohos.applauncher/MainAbility: permission denied: location requires user grant
05-22 17:30:08.359  9196  9282 E D01A01/com.ohos.devicemanager/PowerManager: fatal error: out of memory, heap size 512MB exceeded
05-22 17:30:08.361  9168  9358 D A01B01/com.ohos.sceneboard/HOME: memory usage: 320MB, available: 180MB
05-22 17:30:08.388  9262  9364 D A01B01/com.ohos.sceneboard/HOME: page navigation: HOME -> Settings
05-22 17:30:08.390  8763  8894 I A01B02/com.ohos.applauncher/MainAbility: fatal error: out of memory, heap size 512MB exceeded
05-22 17:30:08.397  8511  8646 E A01B01/com.ohos.sceneboard/HOME: permission denied: location requires user grant
05-22 17:30:08.413  8374  8485 I D01A01/com.ohos.devicemanager/PowerManager: ANR detected in main thread, stack trace: com.ohos.app.launch
05-22 17:30:08.414  8354  8387 W D01A01/com.ohos.devicemanager/PowerManager: page navigation: HOME -> Settings
05-22 17:30:08.425  8699  8862 E C02D01/com.ohos.settings/Bluetooth: battery level: 85%, charging: false
05-22 17:30:08.428  8713  8713 E D01A01/com.ohos.devicemanager/PowerManager: battery level: 85%, charging: false
05-22 17:30:08.442  9429  9492 W D01A01/com.ohos.devicemanager/PowerManager: permission denied: location requires user grant
05-22 17:30:08.457  9682  9735 I E02F01/com.ohos.hiview/HiViewService: incoming call from 13800138000
05-22 17:30:08.458  8275  8467 D C02D01/com.ohos.settings/Bluetooth: audio focus request granted for stream music
05-22 17:30:08.462  8453  8461 D B03C01/com.ohos.multimedia/AudioService: battery level: 85%, charging: false
05-22 17:30:08.474  9593  9610 I B03C01/com.ohos.multimedia/AudioService: ANR detected in main thread, stack trace: com.ohos.app.launch
05-22 17:30:08.493  8578  8616 E A01B01/com.ohos.sceneboard/HOME: def pattern match successful for flow checkpoint
05-22 17:30:08.501  9964  10125 I E02F01/com.ohos.hiview/HiViewService: fatal error: out of memory, heap size 512MB exceeded
05-22 17:30:08.531  8707  8900 W C02D01/com.ohos.settings/Bluetooth: network state changed: WIFI -> 5G
05-22 17:30:08.536  8131  8262 D E02F01/com.ohos.hiview/HiViewService: bluetooth device connected: Headset_Pro
05-22 17:30:08.560  8182  8283 W B03C01/com.ohos.multimedia/AudioService: network state changed: WIFI -> 5G
05-22 17:30:08.576  8953  9087 D B03C01/com.ohos.multimedia/AudioService: permission denied: location requires user grant
05-22 17:30:08.589  8124  8126 W D01A01/com.ohos.devicemanager/PowerManager: crash detected: NullPointerException at MainAbility.onForeground
05-22 17:30:08.615  8620  8649 I B03C01/com.ohos.multimedia/AudioService: crash detected: NullPointerException at MainAbility.onForeground
05-22 17:30:08.631  9420  9519 W D01A01/com.ohos.devicemanager/PowerManager: fatal error: out of memory, heap size 512MB exceeded
05-22 17:30:08.643  8235  8366 I E02F01/com.ohos.hiview/HiViewService: battery level: 85%, charging: false
05-22 17:30:08.647  9629  9682 D C02D01/com.ohos.settings/Bluetooth: fatal error: out of memory, heap size 512MB exceeded
05-22 17:30:08.654  9227  9248 E A01B01/com.ohos.sceneboard/HOME: memory usage: 320MB, available: 180MB
05-22 17:30:08.667  8289  8413 I D01A01/com.ohos.devicemanager/PowerManager: onStart ability completed successfully
05-22 17:30:08.683  9096  9119 I E02F01/com.ohos.hiview/HiViewService: onStart ability completed successfully
05-22 17:30:08.689  8627  8765 D D01A01/com.ohos.devicemanager/PowerManager: audio focus request granted for stream music
05-22 17:30:08.690  9960  10072 D E02F01/com.ohos.hiview/HiViewService: battery level: 85%, charging: false
05-22 17:30:08.690  9336  9508 W C02D01/com.ohos.settings/Bluetooth: battery level: 85%, charging: false
05-22 17:30:08.693  8006  8008 D E02F01/com.ohos.hiview/HiViewService: page navigation: HOME -> Settings
05-22 17:30:08.713  9021  9107 I C02D01/com.ohos.settings/Bluetooth: page navigation: HOME -> Settings
05-22 17:30:08.728  8407  8578 E C02D01/com.ohos.settings/Bluetooth: permission denied: location requires user grant
05-22 17:30:08.750  8312  8456 D B03C01/com.ohos.multimedia/AudioService: network state changed: WIFI -> 5G
05-22 17:30:08.780  9610  9792 I E02F01/com.ohos.hiview/HiViewService: background task timeout, killing process
05-22 17:30:08.784  9680  9716 E A01B01/com.ohos.sceneboard/HOME: fatal error: out of memory, heap size 512MB exceeded
05-22 17:30:08.812  8340  8400 I B03C01/com.ohos.multimedia/AudioService: onStart ability completed successfully
05-22 17:30:08.822  8020  8197 D A01B02/com.ohos.applauncher/MainAbility: bluetooth device connected: Headset_Pro
05-22 17:30:08.847  8675  8788 W B03C01/com.ohos.multimedia/AudioService: bluetooth device connected: Headset_Pro
05-22 17:30:08.867  9712  9787 I A01B01/com.ohos.sceneboard/HOME: data sync completed, records: 2048
05-22 17:30:08.871  8396  8594 D A01B01/com.ohos.sceneboard/HOME: background task timeout, killing process
05-22 17:30:08.891  9539  9551 E A01B01/com.ohos.sceneboard/HOME: page navigation: HOME -> Settings
05-22 17:30:08.896  8603  8713 W A01B02/com.ohos.applauncher/MainAbility: fatal error: out of memory, heap size 512MB exceeded
05-22 17:30:08.903  9661  9688 I B03C01/com.ohos.multimedia/AudioService: fatal error: out of memory, heap size 512MB exceeded
05-22 17:30:08.930  9156  9169 D D01A01/com.ohos.devicemanager/PowerManager: onStart ability completed successfully
05-22 17:30:08.943  9119  9173 I A01B01/com.ohos.sceneboard/HOME: network state changed: WIFI -> 5G
05-22 17:30:08.946  9207  9407 I B03C01/com.ohos.multimedia/AudioService: battery level: 85%, charging: false
05-22 17:30:08.975  9842  9883 D C02D01/com.ohos.settings/Bluetooth: data sync completed, records: 2048
05-22 17:30:09.005  8462  8596 I B03C01/com.ohos.multimedia/AudioService: data sync completed, records: 2048
05-22 17:30:09.032  8271  8315 W D01A01/com.ohos.devicemanager/PowerManager: bluetooth device connected: Headset_Pro
05-22 17:30:09.048  8044  8225 D C02D01/com.ohos.settings/Bluetooth: audio focus request granted for stream music
05-22 17:30:09.071  8570  8713 D E02F01/com.ohos.hiview/HiViewService: fatal error: out of memory, heap size 512MB exceeded
05-22 17:30:09.089  8679  8835 D E02F01/com.ohos.hiview/HiViewService: memory usage: 320MB, available: 180MB
05-22 17:30:09.104  8273  8406 I B03C01/com.ohos.multimedia/AudioService: background task timeout, killing process
05-22 17:30:09.125  8600  8659 D D01A01/com.ohos.devicemanager/PowerManager: network state changed: WIFI -> 5G
05-22 17:30:09.130  9919  10055 E E02F01/com.ohos.hiview/HiViewService: def pattern match successful for flow checkpoint
05-22 17:30:09.133  8452  8621 D D01A01/com.ohos.devicemanager/PowerManager: audio focus request granted for stream music
05-22 17:30:09.147  8832  8906 W B03C01/com.ohos.multimedia/AudioService: page navigation: HOME -> Settings
05-22 17:30:09.162  9396  9554 I A01B02/com.ohos.applauncher/MainAbility: ANR detected in main thread, stack trace: com.ohos.app.launch
05-22 17:30:09.166  9009  9042 I B03C01/com.ohos.multimedia/AudioService: battery level: 85%, charging: false
05-22 17:30:09.189  9274  9346 D D01A01/com.ohos.devicemanager/PowerManager: onStart ability completed successfully
05-22 17:30:09.214  9249  9296 D A01B02/com.ohos.applauncher/MainAbility: crash detected: NullPointerException at MainAbility.onForeground
05-22 17:30:09.229  9339  9473 I C02D01/com.ohos.settings/Bluetooth: permission denied: location requires user grant
05-22 17:30:09.253  8677  8733 W B03C01/com.ohos.multimedia/AudioService: audio focus request granted for stream music
05-22 17:30:09.267  9253  9369 E C02D01/com.ohos.settings/Bluetooth: memory usage: 320MB, available: 180MB
05-22 17:30:09.273  9445  9606 D C02D01/com.ohos.settings/Bluetooth: incoming call from 13800138000
05-22 17:30:09.289  9677  9836 D B03C01/com.ohos.multimedia/AudioService: background task timeout, killing process
05-22 17:30:09.313  8495  8687 D B03C01/com.ohos.multimedia/AudioService: network state changed: WIFI -> 5G
05-22 17:30:09.328  9269  9392 W D01A01/com.ohos.devicemanager/PowerManager: audio focus request granted for stream music
05-22 17:30:09.329  8058  8247 I A01B02/com.ohos.applauncher/MainAbility: background task timeout, killing process
05-22 17:30:09.341  9903  9983 I E02F01/com.ohos.hiview/HiViewService: crash detected: NullPointerException at MainAbility.onForeground
05-22 17:30:09.362  8527  8679 I A01B01/com.ohos.sceneboard/HOME: def pattern match successful for flow checkpoint
05-22 17:30:09.383  9588  9614 W E02F01/com.ohos.hiview/HiViewService: battery level: 85%, charging: false
05-22 17:30:09.394  9692  9851 D A01B02/com.ohos.applauncher/MainAbility: audio focus request granted for stream music
05-22 17:30:09.394  9874  10030 D C02D01/com.ohos.settings/Bluetooth: memory usage: 320MB, available: 180MB
05-22 17:30:09.418  8734  8792 I B03C01/com.ohos.multimedia/AudioService: data sync completed, records: 2048
05-22 17:30:09.431  9419  9488 D A01B02/com.ohos.applauncher/MainAbility: permission denied: location requires user grant
05-22 17:30:09.442  8034  8220 W A01B02/com.ohos.applauncher/MainAbility: database query executed in 45ms
05-22 17:30:09.446  8408  8453 D E02F01/com.ohos.hiview/HiViewService: battery level: 85%, charging: false
05-22 17:30:09.474  9017  9038 I E02F01/com.ohos.hiview/HiViewService: network state changed: WIFI -> 5G
05-22 17:30:09.487  8141  8298 E B03C01/com.ohos.multimedia/AudioService: background task timeout, killing process
05-22 17:30:09.493  8935  9036 I E02F01/com.ohos.hiview/HiViewService: memory usage: 320MB, available: 180MB
05-22 17:30:09.511  8641  8735 I D01A01/com.ohos.devicemanager/PowerManager: ANR detected in main thread, stack trace: com.ohos.app.launch
05-22 17:30:09.537  8899  9015 W B03C01/com.ohos.multimedia/AudioService: bluetooth device connected: Headset_Pro
05-22 17:30:09.542  8200  8216 I C02D01/com.ohos.settings/Bluetooth: battery level: 85%, charging: false
05-22 17:30:09.560  8331  8479 D D01A01/com.ohos.devicemanager/PowerManager: database query executed in 45ms
05-22 17:30:09.568  8626  8709 D C02D01/com.ohos.settings/Bluetooth: network state changed: WIFI -> 5G
05-22 17:30:09.575  9355  9481 W B03C01/com.ohos.multimedia/AudioService: battery level: 85%, charging: false
05-22 17:30:09.602  8271  8376 I D01A01/com.ohos.devicemanager/PowerManager: ANR detected in main thread, stack trace: com.ohos.app.launch
05-22 17:30:09.625  9448  9597 W B03C01/com.ohos.multimedia/AudioService: battery level: 85%, charging: false
05-22 17:30:09.644  9161  9228 I C02D01/com.ohos.settings/Bluetooth: ANR detected in main thread, stack trace: com.ohos.app.launch
05-22 17:30:09.652  8825  8937 I D01A01/com.ohos.devicemanager/PowerManager: audio focus request granted for stream music
05-22 17:30:09.657  8355  8539 W B03C01/com.ohos.multimedia/AudioService: fatal error: out of memory, heap size 512MB exceeded
05-22 17:30:09.680  8809  8854 I C02D01/com.ohos.settings/Bluetooth: permission denied: location requires user grant
05-22 17:30:09.691  8233  8348 I D01A01/com.ohos.devicemanager/PowerManager: memory usage: 320MB, available: 180MB
05-22 17:30:09.719  8754  8896 W E02F01/com.ohos.hiview/HiViewService: fatal error: out of memory, heap size 512MB exceeded
05-22 17:30:09.739  9805  9920 I D01A01/com.ohos.devicemanager/PowerManager: background task timeout, killing process
05-22 17:30:09.760  8659  8662 D C02D01/com.ohos.settings/Bluetooth: page navigation: HOME -> Settings
05-22 17:30:09.762  8739  8935 W D01A01/com.ohos.devicemanager/PowerManager: incoming call from 13800138000
05-22 17:30:09.779  9738  9811 I A01B02/com.ohos.applauncher/MainAbility: page navigation: HOME -> Settings
05-22 17:30:09.781  8221  8301 W C02D01/com.ohos.settings/Bluetooth: background task timeout, killing process
05-22 17:30:09.783  9695  9805 E A01B02/com.ohos.applauncher/MainAbility: onStart ability completed successfully
05-22 17:30:09.798  9376  9442 I D01A01/com.ohos.devicemanager/PowerManager: memory usage: 320MB, available: 180MB
05-22 17:30:09.798  9220  9274 I A01B01/com.ohos.sceneboard/HOME: audio focus request granted for stream music
05-22 17:30:09.825  9211  9380 D E02F01/com.ohos.hiview/HiViewService: incoming call from 13800138000
05-22 17:30:09.846  9736  9745 I A01B02/com.ohos.applauncher/MainAbility: network state changed: WIFI -> 5G
05-22 17:30:09.861  9820  9950 W E02F01/com.ohos.hiview/HiViewService: bluetooth device connected: Headset_Pro
05-22 17:30:09.871  9981  10104 I B03C01/com.ohos.multimedia/AudioService: page navigation: HOME -> Settings
05-22 17:30:09.885  9394  9553 I A01B02/com.ohos.applauncher/MainAbility: audio focus request granted for stream music
05-22 17:30:09.904  8073  8216 I D01A01/com.ohos.devicemanager/PowerManager: battery level: 85%, charging: false
05-22 17:30:09.919  9200  9361 I A01B02/com.ohos.applauncher/MainAbility: onStart ability completed successfully
05-22 17:30:09.922  8834  8844 D D01A01/com.ohos.devicemanager/PowerManager: bluetooth device connected: Headset_Pro
05-22 17:30:09.933  8545  8731 W A01B02/com.ohos.applauncher/MainAbility: battery level: 85%, charging: false
05-22 17:30:09.956  8013  8021 D E02F01/com.ohos.hiview/HiViewService: network state changed: WIFI -> 5G
05-22 17:30:09.984  9265  9414 W A01B02/com.ohos.applauncher/MainAbility: network state changed: WIFI -> 5G
05-22 17:30:10.004  8659  8669 I A01B01/com.ohos.sceneboard/HOME: data sync completed, records: 2048
05-22 17:30:10.031  9090  9263 D D01A01/com.ohos.devicemanager/PowerManager: ANR detected in main thread, stack trace: com.ohos.app.launch
05-22 17:30:10.052  8540  8549 W D01A01/com.ohos.devicemanager/PowerManager: onStart ability completed successfully
05-22 17:30:10.078  9252  9402 I B03C01/com.ohos.multimedia/AudioService: memory usage: 320MB, available: 180MB
05-22 17:30:10.090  9817  9849 W D01A01/com.ohos.devicemanager/PowerManager: page navigation: HOME -> Settings
05-22 17:30:10.101  8008  8162 I A01B01/com.ohos.sceneboard/HOME: incoming call from 13800138000
05-22 17:30:10.102  8914  9016 D D01A01/com.ohos.devicemanager/PowerManager: memory usage: 320MB, available: 180MB
05-22 17:30:10.106  9005  9205 I B03C01/com.ohos.multimedia/AudioService: crash detected: NullPointerException at MainAbility.onForeground
05-22 17:30:10.133  8976  9043 I B03C01/com.ohos.multimedia/AudioService: battery level: 85%, charging: false
05-22 17:30:10.148  8501  8649 D A01B02/com.ohos.applauncher/MainAbility: database query executed in 45ms
05-22 17:30:10.154  8546  8557 W E02F01/com.ohos.hiview/HiViewService: ANR detected in main thread, stack trace: com.ohos.app.launch
05-22 17:30:10.173  8754  8801 D B03C01/com.ohos.multimedia/AudioService: network state changed: WIFI -> 5G
05-22 17:30:10.186  8476  8529 D A01B01/com.ohos.sceneboard/HOME: ANR detected in main thread, stack trace: com.ohos.app.launch
05-22 17:30:10.198  9031  9066 D C02D01/com.ohos.settings/Bluetooth: def pattern match successful for flow checkpoint
05-22 17:30:10.199  9971  10009 I B03C01/com.ohos.multimedia/AudioService: memory usage: 320MB, available: 180MB
05-22 17:30:10.206  8896  8897 I A01B01/com.ohos.sceneboard/HOME: ANR detected in main thread, stack trace: com.ohos.app.launch
05-22 17:30:10.222  8254  8430 W C02D01/com.ohos.settings/Bluetooth: database query executed in 45ms
05-22 17:30:10.225  9730  9816 I D01A01/com.ohos.devicemanager/PowerManager: fatal error: out of memory, heap size 512MB exceeded
05-22 17:30:10.250  8517  8683 I A01B01/com.ohos.sceneboard/HOME: onStart ability completed successfully
05-22 17:30:10.269  9457  9586 I D01A01/com.ohos.devicemanager/PowerManager: memory usage: 320MB, available: 180MB
05-22 17:30:10.277  9247  9316 I D01A01/com.ohos.devicemanager/PowerManager: background task timeout, killing process
05-22 17:30:10.283  8613  8626 I A01B02/com.ohos.applauncher/MainAbility: network state changed: WIFI -> 5G
05-22 17:30:10.283  9053  9196 E E02F01/com.ohos.hiview/HiViewService: database query executed in 45ms
05-22 17:30:10.300  8951  9050 I E02F01/com.ohos.hiview/HiViewService: memory usage: 320MB, available: 180MB
05-22 17:30:10.307  9635  9797 I C02D01/com.ohos.settings/Bluetooth: audio focus request granted for stream music
05-22 17:30:10.336  9006  9013 W E02F01/com.ohos.hiview/HiViewService: page navigation: HOME -> Settings
05-22 17:30:10.354  8506  8543 I A01B02/com.ohos.applauncher/MainAbility: data sync completed, records: 2048
05-22 17:30:10.359  9397  9559 I A01B02/com.ohos.applauncher/MainAbility: def pattern match successful for flow checkpoint
05-22 17:30:10.384  8790  8901 I C02D01/com.ohos.settings/Bluetooth: def pattern match successful for flow checkpoint
05-22 17:30:10.408  8712  8896 I A01B02/com.ohos.applauncher/MainAbility: fatal error: out of memory, heap size 512MB exceeded
05-22 17:30:10.437  8244  8254 I B03C01/com.ohos.multimedia/AudioService: battery level: 85%, charging: false
05-22 17:30:10.439  9725  9790 D A01B01/com.ohos.sceneboard/HOME: memory usage: 320MB, available: 180MB
05-22 17:30:10.465  9241  9297 W D01A01/com.ohos.devicemanager/PowerManager: permission denied: location requires user grant
05-22 17:30:10.477  9487  9645 E C02D01/com.ohos.settings/Bluetooth: bluetooth device connected: Headset_Pro
05-22 17:30:10.485  8135  8332 I A01B02/com.ohos.applauncher/MainAbility: data sync completed, records: 2048
05-22 17:30:10.498  8375  8383 I E02F01/com.ohos.hiview/HiViewService: bluetooth device connected: Headset_Pro
05-22 17:30:10.500  9390  9397 I C02D01/com.ohos.settings/Bluetooth: page navigation: HOME -> Settings
05-22 17:30:10.504  9674  9828 W A01B01/com.ohos.sceneboard/HOME: page navigation: HOME -> Settings
05-22 17:30:10.513  8312  8437 D D01A01/com.ohos.devicemanager/PowerManager: ANR detected in main thread, stack trace: com.ohos.app.launch
05-22 17:30:10.537  9655  9741 D C02D01/com.ohos.settings/Bluetooth: crash detected: NullPointerException at MainAbility.onForeground
05-22 17:30:10.545  8644  8747 I E02F01/com.ohos.hiview/HiViewService: page navigation: HOME -> Settings
05-22 17:30:10.555  8733  8931 E C02D01/com.ohos.settings/Bluetooth: page navigation: HOME -> Settings
05-22 17:30:10.572  8226  8365 I E02F01/com.ohos.hiview/HiViewService: battery level: 85%, charging: false
05-22 17:30:10.582  8455  8546 W C02D01/com.ohos.settings/Bluetooth: ANR detected in main thread, stack trace: com.ohos.app.launch
05-22 17:30:10.590  8692  8760 I A01B02/com.ohos.applauncher/MainAbility: battery level: 85%, charging: false
05-22 17:30:10.618  8668  8836 I A01B01/com.ohos.sceneboard/HOME: def pattern match successful for flow checkpoint
05-22 17:30:10.619  9899  9966 W B03C01/com.ohos.multimedia/AudioService: database query executed in 45ms
05-22 17:30:10.620  8611  8659 W B03C01/com.ohos.multimedia/AudioService: fatal error: out of memory, heap size 512MB exceeded
05-22 17:30:10.647  8624  8672 D E02F01/com.ohos.hiview/HiViewService: database query executed in 45ms
05-22 17:30:10.677  9909  9909 I A01B01/com.ohos.sceneboard/HOME: incoming call from 13800138000
05-22 17:30:10.691  9917  9974 W C02D01/com.ohos.settings/Bluetooth: battery level: 85%, charging: false
05-22 17:30:10.707  9859  9967 I A01B02/com.ohos.applauncher/MainAbility: ANR detected in main thread, stack trace: com.ohos.app.launch
05-22 17:30:10.728  8671  8782 I E02F01/com.ohos.hiview/HiViewService: battery level: 85%, charging: false
05-22 17:30:10.728  9096  9134 D B03C01/com.ohos.multimedia/AudioService: network state changed: WIFI -> 5G
05-22 17:30:10.737  8400  8408 D A01B01/com.ohos.sceneboard/HOME: bluetooth device connected: Headset_Pro
05-22 17:30:10.754  8304  8426 E B03C01/com.ohos.multimedia/AudioService: page navigation: HOME -> Settings
05-22 17:30:10.762  9193  9264 E B03C01/com.ohos.multimedia/AudioService: onStart ability completed successfully
05-22 17:30:10.773  8106  8244 I A01B02/com.ohos.applauncher/MainAbility: page navigation: HOME -> Settings
05-22 17:30:10.780  8896  9022 I C02D01/com.ohos.settings/Bluetooth: memory usage: 320MB, available: 180MB
05-22 17:30:10.797  8286  8409 I A01B01/com.ohos.sceneboard/HOME: permission denied: location requires user grant
05-22 17:30:10.819  9915  10015 D D01A01/com.ohos.devicemanager/PowerManager: crash detected: NullPointerException at MainAbility.onForeground
05-22 17:30:10.837  9801  9830 I E02F01/com.ohos.hiview/HiViewService: background task timeout, killing process
05-22 17:30:10.865  8000  8060 E A01B01/com.ohos.sceneboard/HOME: crash detected: NullPointerException at MainAbility.onForeground
05-22 17:30:10.871  8991  9107 D A01B01/com.ohos.sceneboard/HOME: bluetooth device connected: Headset_Pro
05-22 17:30:10.881  9102  9140 I E02F01/com.ohos.hiview/HiViewService: page navigation: HOME -> Settings
05-22 17:30:10.893  9184  9302 D B03C01/com.ohos.multimedia/AudioService: battery level: 85%, charging: false
05-22 17:30:10.919  9160  9175 I A01B01/com.ohos.sceneboard/HOME: background task timeout, killing process
05-22 17:30:10.920  8137  8258 W C02D01/com.ohos.settings/Bluetooth: ANR detected in main thread, stack trace: com.ohos.app.launch
05-22 17:30:10.921  8235  8389 I B03C01/com.ohos.multimedia/AudioService: onStart ability completed successfully
05-22 17:30:10.930  9093  9272 E A01B01/com.ohos.sceneboard/HOME: bluetooth device connected: Headset_Pro
05-22 17:30:10.950  8225  8242 W A01B01/com.ohos.sceneboard/HOME: battery level: 85%, charging: false
05-22 17:30:10.953  9435  9510 D C02D01/com.ohos.settings/Bluetooth: database query executed in 45ms
05-22 17:30:10.965  8632  8716 I D01A01/com.ohos.devicemanager/PowerManager: data sync completed, records: 2048
05-22 17:30:10.965  9373  9436 I E02F01/com.ohos.hiview/HiViewService: crash detected: NullPointerException at MainAbility.onForeground
05-22 17:30:10.994  9164  9329 W D01A01/com.ohos.devicemanager/PowerManager: audio focus request granted for stream music
05-22 17:30:11.003  8468  8589 W B03C01/com.ohos.multimedia/AudioService: permission denied: location requires user grant
05-22 17:30:11.023  8594  8737 D C02D01/com.ohos.settings/Bluetooth: permission denied: location requires user grant
05-22 17:30:11.049  9340  9456 D A01B02/com.ohos.applauncher/MainAbility: audio focus request granted for stream music
05-22 17:30:11.061  8189  8376 I C02D01/com.ohos.settings/Bluetooth: def pattern match successful for flow checkpoint
05-22 17:30:11.086  9483  9565 D D01A01/com.ohos.devicemanager/PowerManager: battery level: 85%, charging: false
05-22 17:30:11.092  9719  9777 I C02D01/com.ohos.settings/Bluetooth: fatal error: out of memory, heap size 512MB exceeded
05-22 17:30:11.121  8883  9028 I A01B02/com.ohos.applauncher/MainAbility: ANR detected in main thread, stack trace: com.ohos.app.launch
05-22 17:30:11.128  8559  8741 D A01B01/com.ohos.sceneboard/HOME: bluetooth device connected: Headset_Pro
05-22 17:30:11.136  8079  8172 D C02D01/com.ohos.settings/Bluetooth: onStart ability completed successfully
05-22 17:30:11.156  9426  9458 I D01A01/com.ohos.devicemanager/PowerManager: incoming call from 13800138000
05-22 17:30:11.164  8520  8704 I C02D01/com.ohos.settings/Bluetooth: fatal error: out of memory, heap size 512MB exceeded
05-22 17:30:11.187  8812  8971 I A01B02/com.ohos.applauncher/MainAbility: permission denied: location requires user grant
05-22 17:30:11.191  9093  9273 I D01A01/com.ohos.devicemanager/PowerManager: battery level: 85%, charging: false
05-22 17:30:11.213  8042  8066 W E02F01/com.ohos.hiview/HiViewService: network state changed: WIFI -> 5G
05-22 17:30:11.226  9965  9976 E C02D01/com.ohos.settings/Bluetooth: onStart ability completed successfully
05-22 17:30:11.248  9482  9665 I D01A01/com.ohos.devicemanager/PowerManager: database query executed in 45ms
05-22 17:30:11.271  8464  8473 I C02D01/com.ohos.settings/Bluetooth: fatal error: out of memory, heap size 512MB exceeded
05-22 17:30:11.289  9991  10153 D D01A01/com.ohos.devicemanager/PowerManager: battery level: 85%, charging: false
05-22 17:30:11.296  9692  9758 E C02D01/com.ohos.settings/Bluetooth: battery level: 85%, charging: false
05-22 17:30:11.318  8022  8079 D B03C01/com.ohos.multimedia/AudioService: onStart ability completed successfully
05-22 17:30:11.332  8680  8780 I A01B01/com.ohos.sceneboard/HOME: crash detected: NullPointerException at MainAbility.onForeground
05-22 17:30:11.358  8851  9012 I E02F01/com.ohos.hiview/HiViewService: page navigation: HOME -> Settings
05-22 17:30:11.363  9710  9744 D D01A01/com.ohos.devicemanager/PowerManager: ANR detected in main thread, stack trace: com.ohos.app.launch
05-22 17:30:11.390  9413  9573 I A01B02/com.ohos.applauncher/MainAbility: background task timeout, killing process
05-22 17:30:11.412  8026  8114 I A01B01/com.ohos.sceneboard/HOME: data sync completed, records: 2048
05-22 17:30:11.435  8776  8972 W A01B01/com.ohos.sceneboard/HOME: ANR detected in main thread, stack trace: com.ohos.app.launch
05-22 17:30:11.441  9200  9392 I A01B02/com.ohos.applauncher/MainAbility: memory usage: 320MB, available: 180MB
05-22 17:30:11.469  9690  9862 I A01B01/com.ohos.sceneboard/HOME: memory usage: 320MB, available: 180MB
05-22 17:30:11.495  8294  8375 W B03C01/com.ohos.multimedia/AudioService: def pattern match successful for flow checkpoint
05-22 17:30:11.522  9068  9265 I E02F01/com.ohos.hiview/HiViewService: fatal error: out of memory, heap size 512MB exceeded
05-22 17:30:11.541  9865  9941 I A01B02/com.ohos.applauncher/MainAbility: battery level: 85%, charging: false
05-22 17:30:11.551  9051  9181 W E02F01/com.ohos.hiview/HiViewService: crash detected: NullPointerException at MainAbility.onForeground
05-22 17:30:11.555  9911  10085 W C02D01/com.ohos.settings/Bluetooth: memory usage: 320MB, available: 180MB
05-22 17:30:11.570  8040  8179 D E02F01/com.ohos.hiview/HiViewService: def pattern match successful for flow checkpoint
05-22 17:30:11.596  8596  8708 I E02F01/com.ohos.hiview/HiViewService: battery level: 85%, charging: false
05-22 17:30:11.601  8337  8486 I E02F01/com.ohos.hiview/HiViewService: permission denied: location requires user grant
05-22 17:30:11.618  8828  9005 D C02D01/com.ohos.settings/Bluetooth: background task timeout, killing process
05-22 17:30:11.648  9594  9606 I D01A01/com.ohos.devicemanager/PowerManager: audio focus request granted for stream music
05-22 17:30:11.667  9268  9277 E E02F01/com.ohos.hiview/HiViewService: onStart ability completed successfully
05-22 17:30:11.674  8442  8482 D A01B01/com.ohos.sceneboard/HOME: crash detected: NullPointerException at MainAbility.onForeground
05-22 17:30:11.677  9831  9944 D A01B02/com.ohos.applauncher/MainAbility: background task timeout, killing process
05-22 17:30:11.699  8848  8928 D A01B02/com.ohos.applauncher/MainAbility: ANR detected in main thread, stack trace: com.ohos.app.launch
05-22 17:30:11.722  9777  9812 I D01A01/com.ohos.devicemanager/PowerManager: ANR detected in main thread, stack trace: com.ohos.app.launch
05-22 17:30:11.723  9558  9593 I D01A01/com.ohos.devicemanager/PowerManager: battery level: 85%, charging: false
05-22 17:30:11.735  8100  8150 W A01B02/com.ohos.applauncher/MainAbility: incoming call from 13800138000
05-22 17:30:11.735  8233  8279 W A01B02/com.ohos.applauncher/MainAbility: battery level: 85%, charging: false
05-22 17:30:11.743  9119  9310 I D01A01/com.ohos.devicemanager/PowerManager: database query executed in 45ms
05-22 17:30:11.747  8809  8833 D B03C01/com.ohos.multimedia/AudioService: fatal error: out of memory, heap size 512MB exceeded
05-22 17:30:11.759  8764  8890 I A01B01/com.ohos.sceneboard/HOME: page navigation: HOME -> Settings
05-22 17:30:11.773  8424  8551 W D01A01/com.ohos.devicemanager/PowerManager: permission denied: location requires user grant
05-22 17:30:11.795  8649  8703 I D01A01/com.ohos.devicemanager/PowerManager: def pattern match successful for flow checkpoint
05-22 17:30:11.815  9097  9156 I D01A01/com.ohos.devicemanager/PowerManager: page navigation: HOME -> Settings
05-22 17:30:11.815  9645  9797 W E02F01/com.ohos.hiview/HiViewService: bluetooth device connected: Headset_Pro
05-22 17:30:11.830  9135  9184 W E02F01/com.ohos.hiview/HiViewService: ANR detected in main thread, stack trace: com.ohos.app.launch
05-22 17:30:11.839  8975  9080 E D01A01/com.ohos.devicemanager/PowerManager: onStart ability completed successfully
05-22 17:30:11.866  9585  9720 I A01B01/com.ohos.sceneboard/HOME: page navigation: HOME -> Settings
05-22 17:30:11.881  9685  9694 E E02F01/com.ohos.hiview/HiViewService: memory usage: 320MB, available: 180MB
05-22 17:30:11.899  9711  9887 D C02D01/com.ohos.settings/Bluetooth: fatal error: out of memory, heap size 512MB exceeded
05-22 17:30:11.914  9221  9248 I A01B01/com.ohos.sceneboard/HOME: incoming call from 13800138000
05-22 17:30:11.920  8363  8378 I C02D01/com.ohos.settings/Bluetooth: battery level: 85%, charging: false
05-22 17:30:11.932  9454  9536 W D01A01/com.ohos.devicemanager/PowerManager: ANR detected in main thread, stack trace: com.ohos.app.launch
05-22 17:30:11.954  8330  8476 D A01B02/com.ohos.applauncher/MainAbility: onStart ability completed successfully
05-22 17:30:11.962  8703  8872 I E02F01/com.ohos.hiview/HiViewService: fatal error: out of memory, heap size 512MB exceeded
05-22 17:30:11.976  8958  9105 D D01A01/com.ohos.devicemanager/PowerManager: permission denied: location requires user grant
05-22 17:30:11.978  8526  8692 I A01B01/com.ohos.sceneboard/HOME: bluetooth device connected: Headset_Pro
05-22 17:30:11.978  8547  8641 I A01B02/com.ohos.applauncher/MainAbility: onStart ability completed successfully
05-22 17:30:11.988  8063  8208 I A01B01/com.ohos.sceneboard/HOME: bluetooth device connected: Headset_Pro
05-22 17:30:11.992  8487  8659 W A01B01/com.ohos.sceneboard/HOME: onStart ability completed successfully
05-22 17:30:12.016  9416  9463 W A01B01/com.ohos.sceneboard/HOME: network state changed: WIFI -> 5G
05-22 17:30:12.022  8595  8599 I D01A01/com.ohos.devicemanager/PowerManager: onStart ability completed successfully
05-22 17:30:12.032  8559  8695 D B03C01/com.ohos.multimedia/AudioService: memory usage: 320MB, available: 180MB
05-22 17:30:12.045  9397  9530 I A01B02/com.ohos.applauncher/MainAbility: network state changed: WIFI -> 5G
05-22 17:30:12.065  9649  9670 D C02D01/com.ohos.settings/Bluetooth: onStart ability completed successfully
05-22 17:30:12.078  9759  9935 I A01B02/com.ohos.applauncher/MainAbility: audio focus request granted for stream music
05-22 17:30:12.091  8665  8771 I A01B01/com.ohos.sceneboard/HOME: bluetooth device connected: Headset_Pro
05-22 17:30:12.117  8770  8797 I C02D01/com.ohos.settings/Bluetooth: battery level: 85%, charging: false
05-22 17:30:12.137  8543  8581 I D01A01/com.ohos.devicemanager/PowerManager: ANR detected in main thread, stack trace: com.ohos.app.launch
05-22 17:30:12.139  9359  9467 D A01B02/com.ohos.applauncher/MainAbility: ANR detected in main thread, stack trace: com.ohos.app.launch
05-22 17:30:12.157  9592  9670 D A01B02/com.ohos.applauncher/MainAbility: incoming call from 13800138000
05-22 17:30:12.186  9454  9604 D A01B02/com.ohos.applauncher/MainAbility: background task timeout, killing process
05-22 17:30:12.207  9614  9778 I B03C01/com.ohos.multimedia/AudioService: fatal error: out of memory, heap size 512MB exceeded
05-22 17:30:12.234  8000  8187 I B03C01/com.ohos.multimedia/AudioService: permission denied: location requires user grant
05-22 17:30:12.245  9009  9196 D A01B02/com.ohos.applauncher/MainAbility: bluetooth device connected: Headset_Pro
05-22 17:30:12.245  8280  8387 D A01B02/com.ohos.applauncher/MainAbility: incoming call from 13800138000
05-22 17:30:12.269  8450  8490 W D01A01/com.ohos.devicemanager/PowerManager: page navigation: HOME -> Settings
05-22 17:30:12.289  8774  8879 D D01A01/com.ohos.devicemanager/PowerManager: crash detected: NullPointerException at MainAbility.onForeground
05-22 17:30:12.294  9417  9434 I A01B01/com.ohos.sceneboard/HOME: incoming call from 13800138000
05-22 17:30:12.321  8900  8976 D E02F01/com.ohos.hiview/HiViewService: fatal error: out of memory, heap size 512MB exceeded
05-22 17:30:12.333  8663  8678 D E02F01/com.ohos.hiview/HiViewService: battery level: 85%, charging: false
05-22 17:30:12.334  8947  9071 D A01B01/com.ohos.sceneboard/HOME: page navigation: HOME -> Settings
05-22 17:30:12.338  9226  9312 W B03C01/com.ohos.multimedia/AudioService: battery level: 85%, charging: false
05-22 17:30:12.358  9343  9416 I A01B01/com.ohos.sceneboard/HOME: audio focus request granted for stream music
05-22 17:30:12.376  9537  9607 W D01A01/com.ohos.devicemanager/PowerManager: audio focus request granted for stream music
05-22 17:30:12.406  8640  8713 D E02F01/com.ohos.hiview/HiViewService: network state changed: WIFI -> 5G
05-22 17:30:12.416  9469  9560 W A01B01/com.ohos.sceneboard/HOME: database query executed in 45ms
05-22 17:30:12.444  9273  9415 I E02F01/com.ohos.hiview/HiViewService: crash detected: NullPointerException at MainAbility.onForeground
05-22 17:30:12.468  8713  8747 I A01B01/com.ohos.sceneboard/HOME: permission denied: location requires user grant
05-22 17:30:12.494  9457  9599 W D01A01/com.ohos.devicemanager/PowerManager: audio focus request granted for stream music
05-22 17:30:12.504  8583  8691 D A01B01/com.ohos.sceneboard/HOME: def pattern match successful for flow checkpoint
05-22 17:30:12.509  8819  8905 I A01B01/com.ohos.sceneboard/HOME: page navigation: HOME -> Settings
05-22 17:30:12.538  9754  9759 D C02D01/com.ohos.settings/Bluetooth: incoming call from 13800138000
05-22 17:30:12.552  9397  9582 I A01B01/com.ohos.sceneboard/HOME: bluetooth device connected: Headset_Pro
05-22 17:30:12.570  8442  8609 D D01A01/com.ohos.devicemanager/PowerManager: incoming call from 13800138000
05-22 17:30:12.574  9595  9737 D C02D01/com.ohos.settings/Bluetooth: crash detected: NullPointerException at MainAbility.onForeground
05-22 17:30:12.584  9131  9292 I E02F01/com.ohos.hiview/HiViewService: def pattern match successful for flow checkpoint
05-22 17:30:12.611  9501  9605 I A01B02/com.ohos.applauncher/MainAbility: incoming call from 13800138000
05-22 17:30:12.620  8629  8641 W A01B01/com.ohos.sceneboard/HOME: audio focus request granted for stream music
05-22 17:30:12.624  9200  9319 W B03C01/com.ohos.multimedia/AudioService: network state changed: WIFI -> 5G
05-22 17:30:12.631  8555  8663 I E02F01/com.ohos.hiview/HiViewService: def pattern match successful for flow checkpoint
05-22 17:30:12.639  8690  8876 E A01B01/com.ohos.sceneboard/HOME: crash detected: NullPointerException at MainAbility.onForeground
05-22 17:30:12.651  9843  10034 I C02D01/com.ohos.settings/Bluetooth: memory usage: 320MB, available: 180MB
05-22 17:30:12.680  8746  8769 I A01B01/com.ohos.sceneboard/HOME: fatal error: out of memory, heap size 512MB exceeded
05-22 17:30:12.685  9570  9727 E A01B02/com.ohos.applauncher/MainAbility: audio focus request granted for stream music
05-22 17:30:12.713  8822  8989 I B03C01/com.ohos.multimedia/AudioService: network state changed: WIFI -> 5G
05-22 17:30:12.739  8909  9082 D A01B01/com.ohos.sceneboard/HOME: page navigation: HOME -> Settings
05-22 17:30:12.765  8453  8555 W A01B01/com.ohos.sceneboard/HOME: network state changed: WIFI -> 5G
05-22 17:30:12.767  8615  8747 E C02D01/com.ohos.settings/Bluetooth: def pattern match successful for flow checkpoint
05-22 17:30:12.785  8087  8124 D E02F01/com.ohos.hiview/HiViewService: incoming call from 13800138000
05-22 17:30:12.791  8293  8446 W C02D01/com.ohos.settings/Bluetooth: audio focus request granted for stream music
05-22 17:30:12.798  8798  8864 I A01B02/com.ohos.applauncher/MainAbility: background task timeout, killing process
05-22 17:30:12.814  8418  8476 D A01B02/com.ohos.applauncher/MainAbility: incoming call from 13800138000
05-22 17:30:12.826  9877  10077 D C02D01/com.ohos.settings/Bluetooth: network state changed: WIFI -> 5G
05-22 17:30:12.829  9677  9740 D D01A01/com.ohos.devicemanager/PowerManager: page navigation: HOME -> Settings
05-22 17:30:12.858  8451  8479 D C02D01/com.ohos.settings/Bluetooth: page navigation: HOME -> Settings
05-22 17:30:12.863  9141  9159 E D01A01/com.ohos.devicemanager/PowerManager: ANR detected in main thread, stack trace: com.ohos.app.launch
05-22 17:30:12.882  8217  8254 D C02D01/com.ohos.settings/Bluetooth: network state changed: WIFI -> 5G
05-22 17:30:12.882  9808  9831 I C02D01/com.ohos.settings/Bluetooth: incoming call from 13800138000
05-22 17:30:12.893  8846  8879 I A01B01/com.ohos.sceneboard/HOME: fatal error: out of memory, heap size 512MB exceeded
05-22 17:30:12.919  9374  9454 I A01B02/com.ohos.applauncher/MainAbility: def pattern match successful for flow checkpoint
05-22 17:30:12.921  8925  9046 I D01A01/com.ohos.devicemanager/PowerManager: fatal error: out of memory, heap size 512MB exceeded
05-22 17:30:12.931  9640  9736 D C02D01/com.ohos.settings/Bluetooth: incoming call from 13800138000
05-22 17:30:12.931  8154  8255 D C02D01/com.ohos.settings/Bluetooth: onStart ability completed successfully
05-22 17:30:12.955  9393  9484 D B03C01/com.ohos.multimedia/AudioService: permission denied: location requires user grant
05-22 17:30:12.968  8435  8505 D B03C01/com.ohos.multimedia/AudioService: bluetooth device connected: Headset_Pro
05-22 17:30:12.969  8698  8862 W A01B01/com.ohos.sceneboard/HOME: ANR detected in main thread, stack trace: com.ohos.app.launch
05-22 17:30:12.987  8767  8869 I A01B02/com.ohos.applauncher/MainAbility: fatal error: out of memory, heap size 512MB exceeded
05-22 17:30:13.010  9499  9661 I A01B01/com.ohos.sceneboard/HOME: onStart ability completed successfully
05-22 17:30:13.033  8824  8825 W C02D01/com.ohos.settings/Bluetooth: battery level: 85%, charging: false
05-22 17:30:13.062  9663  9735 E D01A01/com.ohos.devicemanager/PowerManager: incoming call from 13800138000
05-22 17:30:13.090  9272  9283 W B03C01/com.ohos.multimedia/AudioService: battery level: 85%, charging: false
05-22 17:30:13.104  8226  8267 I C02D01/com.ohos.settings/Bluetooth: ANR detected in main thread, stack trace: com.ohos.app.launch
05-22 17:30:13.107  8860  8907 D A01B02/com.ohos.applauncher/MainAbility: crash detected: NullPointerException at MainAbility.onForeground
05-22 17:30:13.128  8824  8883 I B03C01/com.ohos.multimedia/AudioService: background task timeout, killing process
05-22 17:30:13.144  9572  9603 W A01B01/com.ohos.sceneboard/HOME: fatal error: out of memory, heap size 512MB exceeded
05-22 17:30:13.155  9809  9818 I B03C01/com.ohos.multimedia/AudioService: ANR detected in main thread, stack trace: com.ohos.app.launch
05-22 17:30:13.174  9739  9806 W E02F01/com.ohos.hiview/HiViewService: memory usage: 320MB, available: 180MB
05-22 17:30:13.178  9902  10049 D B03C01/com.ohos.multimedia/AudioService: data sync completed, records: 2048
05-22 17:30:13.195  8863  8983 D D01A01/com.ohos.devicemanager/PowerManager: fatal error: out of memory, heap size 512MB exceeded
05-22 17:30:13.217  8573  8621 I A01B01/com.ohos.sceneboard/HOME: bluetooth device connected: Headset_Pro
05-22 17:30:13.247  8486  8611 W B03C01/com.ohos.multimedia/AudioService: background task timeout, killing process
05-22 17:30:13.259  8295  8316 I D01A01/com.ohos.devicemanager/PowerManager: def pattern match successful for flow checkpoint
05-22 17:30:13.288  8043  8054 I B03C01/com.ohos.multimedia/AudioService: data sync completed, records: 2048
05-22 17:30:13.294  8474  8564 I E02F01/com.ohos.hiview/HiViewService: bluetooth device connected: Headset_Pro
05-22 17:30:13.307  9793  9960 W A01B01/com.ohos.sceneboard/HOME: database query executed in 45ms
05-22 17:30:13.332  8435  8546 D D01A01/com.ohos.devicemanager/PowerManager: database query executed in 45ms
05-22 17:30:13.360  9847  10006 E C02D01/com.ohos.settings/Bluetooth: incoming call from 13800138000
05-22 17:30:13.386  9899  10030 W A01B01/com.ohos.sceneboard/HOME: data sync completed, records: 2048
05-22 17:30:13.391  8753  8943 D A01B02/com.ohos.applauncher/MainAbility: background task timeout, killing process
05-22 17:30:13.407  9598  9684 I C02D01/com.ohos.settings/Bluetooth: ANR detected in main thread, stack trace: com.ohos.app.launch
05-22 17:30:13.425  8399  8470 I A01B01/com.ohos.sceneboard/HOME: permission denied: location requires user grant
05-22 17:30:13.437  9547  9633 D B03C01/com.ohos.multimedia/AudioService: bluetooth device connected: Headset_Pro
05-22 17:30:13.448  8393  8480 I B03C01/com.ohos.multimedia/AudioService: bluetooth device connected: Headset_Pro
05-22 17:30:13.463  9398  9481 I B03C01/com.ohos.multimedia/AudioService: audio focus request granted for stream music
05-22 17:30:13.493  9290  9399 D A01B01/com.ohos.sceneboard/HOME: data sync completed, records: 2048
05-22 17:30:13.501  8758  8765 W E02F01/com.ohos.hiview/HiViewService: background task timeout, killing process
05-22 17:30:13.520  9170  9263 W B03C01/com.ohos.multimedia/AudioService: audio focus request granted for stream music
05-22 17:30:13.540  9332  9332 W A01B02/com.ohos.applauncher/MainAbility: def pattern match successful for flow checkpoint
05-22 17:30:13.554  9915  10072 I A01B02/com.ohos.applauncher/MainAbility: crash detected: NullPointerException at MainAbility.onForeground
05-22 17:30:13.583  8143  8155 I C02D01/com.ohos.settings/Bluetooth: fatal error: out of memory, heap size 512MB exceeded
05-22 17:30:13.598  8081  8132 I B03C01/com.ohos.multimedia/AudioService: audio focus request granted for stream music
05-22 17:30:13.615  9230  9332 E C02D01/com.ohos.settings/Bluetooth: audio focus request granted for stream music
05-22 17:30:13.629  9205  9357 W E02F01/com.ohos.hiview/HiViewService: audio focus request granted for stream music
05-22 17:30:13.630  8532  8728 I A01B02/com.ohos.applauncher/MainAbility: ANR detected in main thread, stack trace: com.ohos.app.launch
05-22 17:30:13.648  9067  9161 D A01B02/com.ohos.applauncher/MainAbility: page navigation: HOME -> Settings
05-22 17:30:13.669  8749  8800 I B03C01/com.ohos.multimedia/AudioService: database query executed in 45ms
05-22 17:30:13.694  9073  9254 I A01B01/com.ohos.sceneboard/HOME: background task timeout, killing process
05-22 17:30:13.719  9327  9509 I C02D01/com.ohos.settings/Bluetooth: page navigation: HOME -> Settings
05-22 17:30:13.722  9013  9116 I A01B01/com.ohos.sceneboard/HOME: ANR detected in main thread, stack trace: com.ohos.app.launch
05-22 17:30:13.736  9465  9567 D C02D01/com.ohos.settings/Bluetooth: def pattern match successful for flow checkpoint
05-22 17:30:13.766  8733  8896 D B03C01/com.ohos.multimedia/AudioService: memory usage: 320MB, available: 180MB
05-22 17:30:13.783  9874  10047 I D01A01/com.ohos.devicemanager/PowerManager: crash detected: NullPointerException at MainAbility.onForeground
05-22 17:30:13.801  9996  10072 I C02D01/com.ohos.settings/Bluetooth: background task timeout, killing process
05-22 17:30:13.823  8170  8359 I A01B02/com.ohos.applauncher/MainAbility: network state changed: WIFI -> 5G
05-22 17:30:13.830  9671  9814 I B03C01/com.ohos.multimedia/AudioService: battery level: 85%, charging: false
05-22 17:30:13.836  8725  8760 W A01B01/com.ohos.sceneboard/HOME: crash detected: NullPointerException at MainAbility.onForeground
05-22 17:30:13.859  8173  8189 D C02D01/com.ohos.settings/Bluetooth: bluetooth device connected: Headset_Pro
05-22 17:30:13.860  9394  9412 I E02F01/com.ohos.hiview/HiViewService: background task timeout, killing process
05-22 17:30:13.868  8799  8984 D A01B01/com.ohos.sceneboard/HOME: network state changed: WIFI -> 5G
05-22 17:30:13.887  9220  9300 W E02F01/com.ohos.hiview/HiViewService: memory usage: 320MB, available: 180MB
05-22 17:30:13.899  8368  8498 D B03C01/com.ohos.multimedia/AudioService: incoming call from 13800138000
05-22 17:30:13.909  8407  8436 D D01A01/com.ohos.devicemanager/PowerManager: memory usage: 320MB, available: 180MB
05-22 17:30:13.921  9667  9768 D D01A01/com.ohos.devicemanager/PowerManager: incoming call from 13800138000
05-22 17:30:13.937  8177  8208 D E02F01/com.ohos.hiview/HiViewService: network state changed: WIFI -> 5G
05-22 17:30:13.950  8578  8773 D D01A01/com.ohos.devicemanager/PowerManager: incoming call from 13800138000
05-22 17:30:13.950  8200  8381 E A01B01/com.ohos.sceneboard/HOME: onStart ability completed successfully
05-22 17:30:13.979  8756  8869 I A01B02/com.ohos.applauncher/MainAbility: battery level: 85%, charging: false
05-22 17:30:13.988  8732  8747 I A01B02/com.ohos.applauncher/MainAbility: onStart ability completed successfully
05-22 17:30:13.998  9388  9535 D D01A01/com.ohos.devicemanager/PowerManager: onStart ability completed successfully
05-22 17:30:14.004  9999  10052 I C02D01/com.ohos.settings/Bluetooth: ANR detected in main thread, stack trace: com.ohos.app.launch
05-22 17:30:14.016  8257  8343 I A01B02/com.ohos.applauncher/MainAbility: battery level: 85%, charging: false
05-22 17:30:14.030  9284  9418 D E02F01/com.ohos.hiview/HiViewService: data sync completed, records: 2048
05-22 17:30:14.048  8619  8676 D A01B02/com.ohos.applauncher/MainAbility: bluetooth device connected: Headset_Pro
05-22 17:30:14.065  8560  8625 W A01B01/com.ohos.sceneboard/HOME: bluetooth device connected: Headset_Pro
05-22 17:30:14.078  9830  9924 D D01A01/com.ohos.devicemanager/PowerManager: network state changed: WIFI -> 5G
05-22 17:30:14.084  8816  8971 I A01B01/com.ohos.sceneboard/HOME: crash detected: NullPointerException at MainAbility.onForeground
05-22 17:30:14.109  9748  9781 E A01B02/com.ohos.applauncher/MainAbility: fatal error: out of memory, heap size 512MB exceeded
05-22 17:30:14.126  8480  8603 D E02F01/com.ohos.hiview/HiViewService: incoming call from 13800138000
05-22 17:30:14.153  8371  8387 I D01A01/com.ohos.devicemanager/PowerManager: battery level: 85%, charging: false
05-22 17:30:14.161  8261  8274 E A01B01/com.ohos.sceneboard/HOME: fatal error: out of memory, heap size 512MB exceeded
05-22 17:30:14.176  8192  8195 I D01A01/com.ohos.devicemanager/PowerManager: def pattern match successful for flow checkpoint
05-22 17:30:14.183  8080  8123 W A01B02/com.ohos.applauncher/MainAbility: incoming call from 13800138000
05-22 17:30:14.185  8447  8642 D A01B01/com.ohos.sceneboard/HOME: incoming call from 13800138000
05-22 17:30:14.201  8889  9032 W A01B02/com.ohos.applauncher/MainAbility: battery level: 85%, charging: false
05-22 17:30:14.216  9126  9199 W B03C01/com.ohos.multimedia/AudioService: audio focus request granted for stream music
05-22 17:30:14.225  8566  8664 I E02F01/com.ohos.hiview/HiViewService: audio focus request granted for stream music
05-22 17:30:14.246  8343  8507 W A01B02/com.ohos.applauncher/MainAbility: audio focus request granted for stream music
05-22 17:30:14.259  8110  8160 I D01A01/com.ohos.devicemanager/PowerManager: background task timeout, killing process
05-22 17:30:14.269  9660  9666 I B03C01/com.ohos.multimedia/AudioService: page navigation: HOME -> Settings
05-22 17:30:14.296  9962  10138 D E02F01/com.ohos.hiview/HiViewService: page navigation: HOME -> Settings
05-22 17:30:14.302  8812  8853 D A01B02/com.ohos.applauncher/MainAbility: battery level: 85%, charging: false
05-22 17:30:14.331  8989  9040 D E02F01/com.ohos.hiview/HiViewService: fatal error: out of memory, heap size 512MB exceeded
05-22 17:30:14.352  8238  8421 I D01A01/com.ohos.devicemanager/PowerManager: onStart ability completed successfully
05-22 17:30:14.368  9551  9687 I B03C01/com.ohos.multimedia/AudioService: onStart ability completed successfully
05-22 17:30:14.396  9224  9292 W A01B02/com.ohos.applauncher/MainAbility: audio focus request granted for stream music
05-22 17:30:14.417  8793  8974 I A01B02/com.ohos.applauncher/MainAbility: crash detected: NullPointerException at MainAbility.onForeground
05-22 17:30:14.443  9767  9847 W A01B01/com.ohos.sceneboard/HOME: battery level: 85%, charging: false
05-22 17:30:14.467  8512  8546 D D01A01/com.ohos.devicemanager/PowerManager: memory usage: 320MB, available: 180MB
05-22 17:30:14.472  8292  8362 D C02D01/com.ohos.settings/Bluetooth: data sync completed, records: 2048
05-22 17:30:14.499  8178  8303 D E02F01/com.ohos.hiview/HiViewService: database query executed in 45ms
05-22 17:30:14.517  8872  8988 I E02F01/com.ohos.hiview/HiViewService: ANR detected in main thread, stack trace: com.ohos.app.launch
05-22 17:30:14.523  8390  8564 D A01B01/com.ohos.sceneboard/HOME: data sync completed, records: 2048
05-22 17:30:14.542  8549  8602 E C02D01/com.ohos.settings/Bluetooth: data sync completed, records: 2048
05-22 17:30:14.565  9358  9468 I A01B01/com.ohos.sceneboard/HOME: network state changed: WIFI -> 5G
05-22 17:30:14.586  9835  9895 I A01B02/com.ohos.applauncher/MainAbility: database query executed in 45ms
05-22 17:30:14.614  8590  8787 W C02D01/com.ohos.settings/Bluetooth: network state changed: WIFI -> 5G
05-22 17:30:14.621  8452  8543 E E02F01/com.ohos.hiview/HiViewService: onStart ability completed successfully
05-22 17:30:14.621  9671  9824 I E02F01/com.ohos.hiview/HiViewService: crash detected: NullPointerException at MainAbility.onForeground
05-22 17:30:14.643  8148  8255 D E02F01/com.ohos.hiview/HiViewService: data sync completed, records: 2048
05-22 17:30:14.654  8435  8610 D B03C01/com.ohos.multimedia/AudioService: crash detected: NullPointerException at MainAbility.onForeground
05-22 17:30:14.665  8616  8650 D D01A01/com.ohos.devicemanager/PowerManager: bluetooth device connected: Headset_Pro
05-22 17:30:14.690  9858  9965 I B03C01/com.ohos.multimedia/AudioService: permission denied: location requires user grant
05-22 17:30:14.709  8558  8692 I E02F01/com.ohos.hiview/HiViewService: onStart ability completed successfully
05-22 17:30:14.723  9864  9971 E A01B01/com.ohos.sceneboard/HOME: crash detected: NullPointerException at MainAbility.onForeground
05-22 17:30:14.746  9286  9326 W C02D01/com.ohos.settings/Bluetooth: bluetooth device connected: Headset_Pro
05-22 17:30:14.751  8293  8441 D D01A01/com.ohos.devicemanager/PowerManager: data sync completed, records: 2048
05-22 17:30:14.779  9298  9471 W E02F01/com.ohos.hiview/HiViewService: data sync completed, records: 2048
05-22 17:30:14.794  9694  9865 I D01A01/com.ohos.devicemanager/PowerManager: fatal error: out of memory, heap size 512MB exceeded
05-22 17:30:14.796  9892  9935 D C02D01/com.ohos.settings/Bluetooth: permission denied: location requires user grant
05-22 17:30:14.825  9425  9501 I B03C01/com.ohos.multimedia/AudioService: background task timeout, killing process
05-22 17:30:14.849  8460  8549 I B03C01/com.ohos.multimedia/AudioService: ANR detected in main thread, stack trace: com.ohos.app.launch
05-22 17:30:14.879  8763  8855 E E02F01/com.ohos.hiview/HiViewService: onStart ability completed successfully
05-22 17:30:14.879  9887  10008 D A01B01/com.ohos.sceneboard/HOME: data sync completed, records: 2048
05-22 17:30:14.882  9006  9124 I E02F01/com.ohos.hiview/HiViewService: fatal error: out of memory, heap size 512MB exceeded
05-22 17:30:14.893  9884  10081 W C02D01/com.ohos.settings/Bluetooth: ANR detected in main thread, stack trace: com.ohos.app.launch
05-22 17:30:14.916  9443  9485 I A01B01/com.ohos.sceneboard/HOME: audio focus request granted for stream music
05-22 17:30:14.942  8101  8251 W E02F01/com.ohos.hiview/HiViewService: incoming call from 13800138000
05-22 17:30:14.960  9008  9016 E A01B02/com.ohos.applauncher/MainAbility: battery level: 85%, charging: false
05-22 17:30:14.971  9622  9815 I C02D01/com.ohos.settings/Bluetooth: page navigation: HOME -> Settings
05-22 17:30:14.979  8731  8796 W E02F01/com.ohos.hiview/HiViewService: audio focus request granted for stream music
05-22 17:30:14.981  9278  9461 I D01A01/com.ohos.devicemanager/PowerManager: def pattern match successful for flow checkpoint
05-22 17:30:14.983  8830  8942 D C02D01/com.ohos.settings/Bluetooth: audio focus request granted for stream music
05-22 17:30:14.994  8083  8213 W B03C01/com.ohos.multimedia/AudioService: ANR detected in main thread, stack trace: com.ohos.app.launch
05-22 17:30:15.022  9483  9579 I C02D01/com.ohos.settings/Bluetooth: fatal error: out of memory, heap size 512MB exceeded
05-22 17:30:15.044  8853  9032 E C02D01/com.ohos.settings/Bluetooth: fatal error: out of memory, heap size 512MB exceeded
05-22 17:30:15.053  8323  8354 I A01B02/com.ohos.applauncher/MainAbility: page navigation: HOME -> Settings
05-22 17:30:15.056  9490  9526 I B03C01/com.ohos.multimedia/AudioService: audio focus request granted for stream music
05-22 17:30:15.073  9667  9756 E D01A01/com.ohos.devicemanager/PowerManager: data sync completed, records: 2048
05-22 17:30:15.075  8561  8595 D E02F01/com.ohos.hiview/HiViewService: network state changed: WIFI -> 5G
05-22 17:30:15.088  9072  9106 W D01A01/com.ohos.devicemanager/PowerManager: ANR detected in main thread, stack trace: com.ohos.app.launch
05-22 17:30:15.091  8221  8321 I E02F01/com.ohos.hiview/HiViewService: permission denied: location requires user grant
05-22 17:30:15.107  8785  8970 W A01B01/com.ohos.sceneboard/HOME: database query executed in 45ms
05-22 17:30:15.110  9009  9043 I B03C01/com.ohos.multimedia/AudioService: memory usage: 320MB, available: 180MB
05-22 17:30:15.117  9810  9881 I B03C01/com.ohos.multimedia/AudioService: battery level: 85%, charging: false
05-22 17:30:15.132  8913  9050 W C02D01/com.ohos.settings/Bluetooth: background task timeout, killing process
05-22 17:30:15.133  8944  8959 D A01B02/com.ohos.applauncher/MainAbility: audio focus request granted for stream music
05-22 17:30:15.143  9605  9678 W A01B01/com.ohos.sceneboard/HOME: ANR detected in main thread, stack trace: com.ohos.app.launch
05-22 17:30:15.163  9470  9630 I A01B01/com.ohos.sceneboard/HOME: database query executed in 45ms
05-22 17:30:15.177  8285  8429 D A01B02/com.ohos.applauncher/MainAbility: database query executed in 45ms
05-22 17:30:15.186  8262  8381 D B03C01/com.ohos.multimedia/AudioService: incoming call from 13800138000
05-22 17:30:15.196  8740  8765 I E02F01/com.ohos.hiview/HiViewService: memory usage: 320MB, available: 180MB
05-22 17:30:15.217  8512  8565 I C02D01/com.ohos.settings/Bluetooth: network state changed: WIFI -> 5G
05-22 17:30:15.218  8029  8083 I A01B01/com.ohos.sceneboard/HOME: battery level: 85%, charging: false
05-22 17:30:15.241  8124  8141 I A01B02/com.ohos.applauncher/MainAbility: incoming call from 13800138000
05-22 17:30:15.257  9780  9819 I C02D01/com.ohos.settings/Bluetooth: def pattern match successful for flow checkpoint
05-22 17:30:15.262  9440  9490 D C02D01/com.ohos.settings/Bluetooth: fatal error: out of memory, heap size 512MB exceeded
05-22 17:30:15.287  8311  8409 W C02D01/com.ohos.settings/Bluetooth: database query executed in 45ms
05-22 17:30:15.302  8864  8935 D A01B01/com.ohos.sceneboard/HOME: data sync completed, records: 2048
05-22 17:30:15.324  8737  8796 E C02D01/com.ohos.settings/Bluetooth: memory usage: 320MB, available: 180MB
05-22 17:30:15.333  8863  8907 E D01A01/com.ohos.devicemanager/PowerManager: data sync completed, records: 2048
05-22 17:30:15.356  9465  9497 I C02D01/com.ohos.settings/Bluetooth: permission denied: location requires user grant
05-22 17:30:15.376  9143  9334 E B03C01/com.ohos.multimedia/AudioService: bluetooth device connected: Headset_Pro
05-22 17:30:15.404  8452  8618 W A01B01/com.ohos.sceneboard/HOME: data sync completed, records: 2048
05-22 17:30:15.418  8899  9000 D D01A01/com.ohos.devicemanager/PowerManager: page navigation: HOME -> Settings
05-22 17:30:15.424  8278  8365 D A01B01/com.ohos.sceneboard/HOME: fatal error: out of memory, heap size 512MB exceeded
05-22 17:30:15.453  8158  8163 I A01B01/com.ohos.sceneboard/HOME: audio focus request granted for stream music
05-22 17:30:15.474  9858  9968 I A01B01/com.ohos.sceneboard/HOME: bluetooth device connected: Headset_Pro
05-22 17:30:15.490  8750  8873 D A01B02/com.ohos.applauncher/MainAbility: fatal error: out of memory, heap size 512MB exceeded
05-22 17:30:15.493  9806  9963 W D01A01/com.ohos.devicemanager/PowerManager: battery level: 85%, charging: false
05-22 17:30:15.519  9165  9251 I A01B01/com.ohos.sceneboard/HOME: data sync completed, records: 2048
05-22 17:30:15.526  9046  9125 D A01B01/com.ohos.sceneboard/HOME: battery level: 85%, charging: false
05-22 17:30:15.527  8690  8817 W D01A01/com.ohos.devicemanager/PowerManager: network state changed: WIFI -> 5G
05-22 17:30:15.539  8430  8520 E C02D01/com.ohos.settings/Bluetooth: permission denied: location requires user grant
05-22 17:30:15.550  9946  10138 D C02D01/com.ohos.settings/Bluetooth: data sync completed, records: 2048
05-22 17:30:15.558  8891  8942 I C02D01/com.ohos.settings/Bluetooth: bluetooth device connected: Headset_Pro
05-22 17:30:15.575  9015  9146 D B03C01/com.ohos.multimedia/AudioService: permission denied: location requires user grant
05-22 17:30:15.588  9059  9254 I B03C01/com.ohos.multimedia/AudioService: def pattern match successful for flow checkpoint
05-22 17:30:15.602  9982  10181 W A01B02/com.ohos.applauncher/MainAbility: crash detected: NullPointerException at MainAbility.onForeground
05-22 17:30:15.602  9599  9774 I A01B01/com.ohos.sceneboard/HOME: page navigation: HOME -> Settings
05-22 17:30:15.602  8225  8338 I C02D01/com.ohos.settings/Bluetooth: page navigation: HOME -> Settings
05-22 17:30:15.609  9563  9612 E B03C01/com.ohos.multimedia/AudioService: def pattern match successful for flow checkpoint
05-22 17:30:15.611  8207  8315 D E02F01/com.ohos.hiview/HiViewService: network state changed: WIFI -> 5G
05-22 17:30:15.631  9327  9360 I E02F01/com.ohos.hiview/HiViewService: fatal error: out of memory, heap size 512MB exceeded
05-22 17:30:15.635  8324  8409 W D01A01/com.ohos.devicemanager/PowerManager: def pattern match successful for flow checkpoint
05-22 17:30:15.658  8515  8621 I B03C01/com.ohos.multimedia/AudioService: fatal error: out of memory, heap size 512MB exceeded
05-22 17:30:15.679  8436  8627 I B03C01/com.ohos.multimedia/AudioService: crash detected: NullPointerException at MainAbility.onForeground
05-22 17:30:15.683  9300  9405 I C02D01/com.ohos.settings/Bluetooth: memory usage: 320MB, available: 180MB
05-22 17:30:15.689  9169  9188 D A01B01/com.ohos.sceneboard/HOME: def pattern match successful for flow checkpoint
05-22 17:30:15.703  8684  8855 D D01A01/com.ohos.devicemanager/PowerManager: crash detected: NullPointerException at MainAbility.onForeground
05-22 17:30:15.705  8123  8182 I A01B01/com.ohos.sceneboard/HOME: memory usage: 320MB, available: 180MB
05-22 17:30:15.709  9197  9279 I B03C01/com.ohos.multimedia/AudioService: def pattern match successful for flow checkpoint
05-22 17:30:15.724  8078  8093 W A01B01/com.ohos.sceneboard/HOME: ANR detected in main thread, stack trace: com.ohos.app.launch
05-22 17:30:15.733  9162  9226 D D01A01/com.ohos.devicemanager/PowerManager: data sync completed, records: 2048
05-22 17:30:15.744  8636  8766 E E02F01/com.ohos.hiview/HiViewService: database query executed in 45ms
05-22 17:30:15.763  8300  8472 D E02F01/com.ohos.hiview/HiViewService: ANR detected in main thread, stack trace: com.ohos.app.launch
05-22 17:30:15.793  9674  9803 I D01A01/com.ohos.devicemanager/PowerManager: memory usage: 320MB, available: 180MB
05-22 17:30:15.795  9811  9997 I D01A01/com.ohos.devicemanager/PowerManager: bluetooth device connected: Headset_Pro
05-22 17:30:15.813  8998  9106 W B03C01/com.ohos.multimedia/AudioService: data sync completed, records: 2048
05-22 17:30:15.829  8695  8843 I A01B01/com.ohos.sceneboard/HOME: bluetooth device connected: Headset_Pro
05-22 17:30:15.852  9040  9227 E D01A01/com.ohos.devicemanager/PowerManager: audio focus request granted for stream music
05-22 17:30:15.870  9069  9201 D C02D01/com.ohos.settings/Bluetooth: database query executed in 45ms
05-22 17:30:15.889  9926  9932 I A01B01/com.ohos.sceneboard/HOME: network state changed: WIFI -> 5G
05-22 17:30:15.906  8426  8562 W A01B02/com.ohos.applauncher/MainAbility: bluetooth device connected: Headset_Pro
05-22 17:30:15.916  9907  10001 I A01B01/com.ohos.sceneboard/HOME: page navigation: HOME -> Settings
05-22 17:30:15.941  8990  9018 D A01B01/com.ohos.sceneboard/HOME: permission denied: location requires user grant
05-22 17:30:15.967  8812  8957 W B03C01/com.ohos.multimedia/AudioService: bluetooth device connected: Headset_Pro
05-22 17:30:15.976  9859  9975 I D01A01/com.ohos.devicemanager/PowerManager: fatal error: out of memory, heap size 512MB exceeded
05-22 17:30:15.998  8103  8203 W E02F01/com.ohos.hiview/HiViewService: ANR detected in main thread, stack trace: com.ohos.app.launch
05-22 17:30:16.028  8326  8483 D C02D01/com.ohos.settings/Bluetooth: bluetooth device connected: Headset_Pro
05-22 17:30:16.056  8296  8386 I D01A01/com.ohos.devicemanager/PowerManager: bluetooth device connected: Headset_Pro
05-22 17:30:16.066  8858  8985 I C02D01/com.ohos.settings/Bluetooth: audio focus request granted for stream music
05-22 17:30:16.077  8361  8367 I E02F01/com.ohos.hiview/HiViewService: memory usage: 320MB, available: 180MB
05-22 17:30:16.083  8358  8540 D D01A01/com.ohos.devicemanager/PowerManager: battery level: 85%, charging: false
05-22 17:30:16.106  8606  8674 I E02F01/com.ohos.hiview/HiViewService: bluetooth device connected: Headset_Pro
05-22 17:30:16.135  9486  9574 W A01B02/com.ohos.applauncher/MainAbility: fatal error: out of memory, heap size 512MB exceeded
05-22 17:30:16.159  8235  8362 I B03C01/com.ohos.multimedia/AudioService: background task timeout, killing process
05-22 17:30:16.166  8748  8935 W A01B02/com.ohos.applauncher/MainAbility: def pattern match successful for flow checkpoint
05-22 17:30:16.178  8971  9065 I D01A01/com.ohos.devicemanager/PowerManager: crash detected: NullPointerException at MainAbility.onForeground
05-22 17:30:16.203  9537  9554 E B03C01/com.ohos.multimedia/AudioService: network state changed: WIFI -> 5G
05-22 17:30:16.208  8051  8198 I E02F01/com.ohos.hiview/HiViewService: memory usage: 320MB, available: 180MB
05-22 17:30:16.234  8545  8567 I D01A01/com.ohos.devicemanager/PowerManager: permission denied: location requires user grant
05-22 17:30:16.245  8904  9047 D E02F01/com.ohos.hiview/HiViewService: def pattern match successful for flow checkpoint
05-22 17:30:16.275  8331  8399 W A01B01/com.ohos.sceneboard/HOME: ANR detected in main thread, stack trace: com.ohos.app.launch
05-22 17:30:16.277  8342  8528 E E02F01/com.ohos.hiview/HiViewService: def pattern match successful for flow checkpoint
05-22 17:30:16.277  9071  9201 I A01B02/com.ohos.applauncher/MainAbility: database query executed in 45ms
05-22 17:30:16.277  9457  9650 I A01B01/com.ohos.sceneboard/HOME: ANR detected in main thread, stack trace: com.ohos.app.launch
05-22 17:30:16.280  8609  8767 I A01B02/com.ohos.applauncher/MainAbility: network state changed: WIFI -> 5G
05-22 17:30:16.284  9154  9207 W E02F01/com.ohos.hiview/HiViewService: fatal error: out of memory, heap size 512MB exceeded
05-22 17:30:16.285  8404  8513 W C02D01/com.ohos.settings/Bluetooth: permission denied: location requires user grant
05-22 17:30:16.313  9940  10110 D A01B02/com.ohos.applauncher/MainAbility: page navigation: HOME -> Settings
05-22 17:30:16.340  8722  8776 D A01B01/com.ohos.sceneboard/HOME: crash detected: NullPointerException at MainAbility.onForeground
05-22 17:30:16.346  8364  8424 I A01B01/com.ohos.sceneboard/HOME: bluetooth device connected: Headset_Pro
05-22 17:30:16.367  9439  9600 I C02D01/com.ohos.settings/Bluetooth: memory usage: 320MB, available: 180MB
05-22 17:30:16.369  8512  8652 D A01B02/com.ohos.applauncher/MainAbility: fatal error: out of memory, heap size 512MB exceeded
05-22 17:30:16.393  9215  9310 I A01B01/com.ohos.sceneboard/HOME: bluetooth device connected: Headset_Pro
05-22 17:30:16.396  8016  8120 I D01A01/com.ohos.devicemanager/PowerManager: permission denied: location requires user grant
05-22 17:30:16.405  9873  10000 I B03C01/com.ohos.multimedia/AudioService: crash detected: NullPointerException at MainAbility.onForeground
05-22 17:30:16.430  8337  8508 E E02F01/com.ohos.hiview/HiViewService: permission denied: location requires user grant
05-22 17:30:16.451  9843  9881 W A01B02/com.ohos.applauncher/MainAbility: def pattern match successful for flow checkpoint
05-22 17:30:16.474  8466  8605 I A01B02/com.ohos.applauncher/MainAbility: fatal error: out of memory, heap size 512MB exceeded
05-22 17:30:16.477  9418  9420 D A01B02/com.ohos.applauncher/MainAbility: crash detected: NullPointerException at MainAbility.onForeground
05-22 17:30:16.487  9200  9356 W A01B01/com.ohos.sceneboard/HOME: database query executed in 45ms
05-22 17:30:16.497  8273  8306 I A01B02/com.ohos.applauncher/MainAbility: fatal error: out of memory, heap size 512MB exceeded
05-22 17:30:16.515  9506  9512 D D01A01/com.ohos.devicemanager/PowerManager: page navigation: HOME -> Settings
05-22 17:30:16.526  8022  8063 W B03C01/com.ohos.multimedia/AudioService: page navigation: HOME -> Settings
05-22 17:30:16.548  9969  10110 W D01A01/com.ohos.devicemanager/PowerManager: fatal error: out of memory, heap size 512MB exceeded
05-22 17:30:16.555  8956  9138 I B03C01/com.ohos.multimedia/AudioService: ANR detected in main thread, stack trace: com.ohos.app.launch
05-22 17:30:16.559  8210  8278 W E02F01/com.ohos.hiview/HiViewService: database query executed in 45ms
05-22 17:30:16.567  8797  8935 I A01B01/com.ohos.sceneboard/HOME: network state changed: WIFI -> 5G
05-22 17:30:16.570  8417  8594 I A01B02/com.ohos.applauncher/MainAbility: permission denied: location requires user grant
05-22 17:30:16.597  9832  9969 D C02D01/com.ohos.settings/Bluetooth: audio focus request granted for stream music
05-22 17:30:16.624  9389  9562 D A01B01/com.ohos.sceneboard/HOME: network state changed: WIFI -> 5G
05-22 17:30:16.626  8611  8698 I A01B01/com.ohos.sceneboard/HOME: permission denied: location requires user grant
05-22 17:30:16.634  9666  9711 D B03C01/com.ohos.multimedia/AudioService: database query executed in 45ms
05-22 17:30:16.641  8628  8684 I C02D01/com.ohos.settings/Bluetooth: onStart ability completed successfully
05-22 17:30:16.664  9341  9432 W C02D01/com.ohos.settings/Bluetooth: onStart ability completed successfully
05-22 17:30:16.692  8453  8611 I C02D01/com.ohos.settings/Bluetooth: incoming call from 13800138000
05-22 17:30:16.692  9725  9884 E C02D01/com.ohos.settings/Bluetooth: def pattern match successful for flow checkpoint
05-22 17:30:16.703  8930  8952 D C02D01/com.ohos.settings/Bluetooth: fatal error: out of memory, heap size 512MB exceeded
05-22 17:30:16.724  9819  9912 I A01B01/com.ohos.sceneboard/HOME: battery level: 85%, charging: false
05-22 17:30:16.740  9987  10024 W A01B02/com.ohos.applauncher/MainAbility: background task timeout, killing process
05-22 17:30:16.745  9907  9971 I D01A01/com.ohos.devicemanager/PowerManager: data sync completed, records: 2048
05-22 17:30:16.747  8768  8902 W A01B01/com.ohos.sceneboard/HOME: bluetooth device connected: Headset_Pro
05-22 17:30:16.755  9207  9308 D E02F01/com.ohos.hiview/HiViewService: ANR detected in main thread, stack trace: com.ohos.app.launch
05-22 17:30:16.757  9505  9700 D A01B02/com.ohos.applauncher/MainAbility: crash detected: NullPointerException at MainAbility.onForeground
05-22 17:30:16.759  9331  9452 I A01B02/com.ohos.applauncher/MainAbility: background task timeout, killing process
05-22 17:30:16.780  8582  8695 E B03C01/com.ohos.multimedia/AudioService: ANR detected in main thread, stack trace: com.ohos.app.launch
05-22 17:30:16.802  9035  9089 W D01A01/com.ohos.devicemanager/PowerManager: incoming call from 13800138000
05-22 17:30:16.828  8484  8493 W B03C01/com.ohos.multimedia/AudioService: database query executed in 45ms
05-22 17:30:16.856  8841  8978 D A01B02/com.ohos.applauncher/MainAbility: page navigation: HOME -> Settings
05-22 17:30:16.864  8835  8869 W E02F01/com.ohos.hiview/HiViewService: background task timeout, killing process
05-22 17:30:16.881  9426  9557 I C02D01/com.ohos.settings/Bluetooth: bluetooth device connected: Headset_Pro
05-22 17:30:16.891  9718  9840 I E02F01/com.ohos.hiview/HiViewService: battery level: 85%, charging: false
05-22 17:30:16.911  9302  9326 D B03C01/com.ohos.multimedia/AudioService: crash detected: NullPointerException at MainAbility.onForeground
05-22 17:30:16.940  8899  8980 D E02F01/com.ohos.hiview/HiViewService: incoming call from 13800138000
05-22 17:30:16.957  8870  9008 I A01B01/com.ohos.sceneboard/HOME: crash detected: NullPointerException at MainAbility.onForeground
05-22 17:30:16.981  9527  9674 D E02F01/com.ohos.hiview/HiViewService: bluetooth device connected: Headset_Pro
05-22 17:30:17.004  9252  9443 I B03C01/com.ohos.multimedia/AudioService: permission denied: location requires user grant
05-22 17:30:17.028  9066  9151 D B03C01/com.ohos.multimedia/AudioService: memory usage: 320MB, available: 180MB
05-22 17:30:17.032  9451  9608 W B03C01/com.ohos.multimedia/AudioService: permission denied: location requires user grant
05-22 17:30:17.048  8616  8775 W A01B02/com.ohos.applauncher/MainAbility: bluetooth device connected: Headset_Pro
05-22 17:30:17.078  9849  9934 D D01A01/com.ohos.devicemanager/PowerManager: def pattern match successful for flow checkpoint
05-22 17:30:17.085  8658  8854 D C02D01/com.ohos.settings/Bluetooth: memory usage: 320MB, available: 180MB
05-22 17:30:17.101  9655  9788 D A01B02/com.ohos.applauncher/MainAbility: def pattern match successful for flow checkpoint
05-22 17:30:17.109  8197  8302 I D01A01/com.ohos.devicemanager/PowerManager: memory usage: 320MB, available: 180MB
05-22 17:30:17.127  9653  9694 I A01B01/com.ohos.sceneboard/HOME: audio focus request granted for stream music
05-22 17:30:17.128  8101  8192 I D01A01/com.ohos.devicemanager/PowerManager: battery level: 85%, charging: false
05-22 17:30:17.158  8610  8635 D C02D01/com.ohos.settings/Bluetooth: database query executed in 45ms
05-22 17:30:17.172  8385  8415 D E02F01/com.ohos.hiview/HiViewService: database query executed in 45ms
05-22 17:30:17.175  8616  8750 D A01B01/com.ohos.sceneboard/HOME: fatal error: out of memory, heap size 512MB exceeded
05-22 17:30:17.177  9547  9571 D A01B02/com.ohos.applauncher/MainAbility: page navigation: HOME -> Settings
05-22 17:30:17.206  8749  8848 D A01B02/com.ohos.applauncher/MainAbility: background task timeout, killing process
05-22 17:30:17.228  8482  8492 D C02D01/com.ohos.settings/Bluetooth: crash detected: NullPointerException at MainAbility.onForeground
05-22 17:30:17.238  9317  9493 W E02F01/com.ohos.hiview/HiViewService: background task timeout, killing process
05-22 17:30:17.238  9943  10119 I B03C01/com.ohos.multimedia/AudioService: incoming call from 13800138000
05-22 17:30:17.245  9392  9513 I C02D01/com.ohos.settings/Bluetooth: def pattern match successful for flow checkpoint
05-22 17:30:17.271  9962  10090 I E02F01/com.ohos.hiview/HiViewService: bluetooth device connected: Headset_Pro
05-22 17:30:17.291  8901  8930 I C02D01/com.ohos.settings/Bluetooth: crash detected: NullPointerException at MainAbility.onForeground
05-22 17:30:17.301  9577  9611 I A01B02/com.ohos.applauncher/MainAbility: data sync completed, records: 2048
05-22 17:30:17.303  9355  9509 E D01A01/com.ohos.devicemanager/PowerManager: incoming call from 13800138000
05-22 17:30:17.316  8602  8689 D C02D01/com.ohos.settings/Bluetooth: ANR detected in main thread, stack trace: com.ohos.app.launch
05-22 17:30:17.319  8047  8084 I C02D01/com.ohos.settings/Bluetooth: incoming call from 13800138000
05-22 17:30:17.321  9415  9561 D A01B01/com.ohos.sceneboard/HOME: ANR detected in main thread, stack trace: com.ohos.app.launch
05-22 17:30:17.329  8768  8811 I A01B01/com.ohos.sceneboard/HOME: def pattern match successful for flow checkpoint
05-22 17:30:17.337  9682  9775 D A01B01/com.ohos.sceneboard/HOME: fatal error: out of memory, heap size 512MB exceeded
05-22 17:30:17.342  9499  9540 I A01B01/com.ohos.sceneboard/HOME: audio focus request granted for stream music
05-22 17:30:17.342  8333  8421 D A01B01/com.ohos.sceneboard/HOME: background task timeout, killing process
05-22 17:30:17.357  9517  9691 D B03C01/com.ohos.multimedia/AudioService: network state changed: WIFI -> 5G
05-22 17:30:17.360  8186  8226 W D01A01/com.ohos.devicemanager/PowerManager: data sync completed, records: 2048
05-22 17:30:17.378  9434  9443 W D01A01/com.ohos.devicemanager/PowerManager: bluetooth device connected: Headset_Pro
05-22 17:30:17.404  9481  9632 W E02F01/com.ohos.hiview/HiViewService: network state changed: WIFI -> 5G
05-22 17:30:17.416  8341  8407 D C02D01/com.ohos.settings/Bluetooth: incoming call from 13800138000
05-22 17:30:17.433  8922  9032 E A01B01/com.ohos.sceneboard/HOME: crash detected: NullPointerException at MainAbility.onForeground
05-22 17:30:17.444  9799  9996 I B03C01/com.ohos.multimedia/AudioService: permission denied: location requires user grant
05-22 17:30:17.453  9231  9300 E B03C01/com.ohos.multimedia/AudioService: bluetooth device connected: Headset_Pro
05-22 17:30:17.474  9901  10034 E A01B01/com.ohos.sceneboard/HOME: audio focus request granted for stream music
05-22 17:30:17.481  8139  8303 D D01A01/com.ohos.devicemanager/PowerManager: bluetooth device connected: Headset_Pro
05-22 17:30:17.502  8957  8994 I C02D01/com.ohos.settings/Bluetooth: page navigation: HOME -> Settings
05-22 17:30:17.512  8910  8913 E D01A01/com.ohos.devicemanager/PowerManager: data sync completed, records: 2048
05-22 17:30:17.535  9601  9692 I D01A01/com.ohos.devicemanager/PowerManager: memory usage: 320MB, available: 180MB
05-22 17:30:17.536  8944  9077 E A01B01/com.ohos.sceneboard/HOME: bluetooth device connected: Headset_Pro
05-22 17:30:17.556  8960  9056 D E02F01/com.ohos.hiview/HiViewService: network state changed: WIFI -> 5G
05-22 17:30:17.577  8240  8291 W D01A01/com.ohos.devicemanager/PowerManager: background task timeout, killing process
05-22 17:30:17.603  8097  8241 I D01A01/com.ohos.devicemanager/PowerManager: audio focus request granted for stream music
05-22 17:30:17.619  9371  9541 D C02D01/com.ohos.settings/Bluetooth: memory usage: 320MB, available: 180MB
05-22 17:30:17.649  8558  8590 I C02D01/com.ohos.settings/Bluetooth: battery level: 85%, charging: false
05-22 17:30:17.673  8079  8154 D B03C01/com.ohos.multimedia/AudioService: crash detected: NullPointerException at MainAbility.onForeground
05-22 17:30:17.682  9850  10017 I D01A01/com.ohos.devicemanager/PowerManager: fatal error: out of memory, heap size 512MB exceeded
05-22 17:30:17.685  8304  8334 I C02D01/com.ohos.settings/Bluetooth: network state changed: WIFI -> 5G
05-22 17:30:17.706  8672  8856 W C02D01/com.ohos.settings/Bluetooth: bluetooth device connected: Headset_Pro
05-22 17:30:17.706  8895  9086 D A01B01/com.ohos.sceneboard/HOME: battery level: 85%, charging: false
05-22 17:30:17.712  9621  9686 W A01B02/com.ohos.applauncher/MainAbility: onStart ability completed successfully
05-22 17:30:17.742  9084  9204 I E02F01/com.ohos.hiview/HiViewService: fatal error: out of memory, heap size 512MB exceeded
05-22 17:30:17.771  8994  9080 I E02F01/com.ohos.hiview/HiViewService: ANR detected in main thread, stack trace: com.ohos.app.launch
05-22 17:30:17.796  8344  8411 I C02D01/com.ohos.settings/Bluetooth: def pattern match successful for flow checkpoint
05-22 17:30:17.818  8496  8603 D E02F01/com.ohos.hiview/HiViewService: bluetooth device connected: Headset_Pro
05-22 17:30:17.832  8545  8704 I B03C01/com.ohos.multimedia/AudioService: battery level: 85%, charging: false
05-22 17:30:17.857  9075  9135 I C02D01/com.ohos.settings/Bluetooth: audio focus request granted for stream music
05-22 17:30:17.877  9960  10136 D E02F01/com.ohos.hiview/HiViewService: battery level: 85%, charging: false
05-22 17:30:17.899  8509  8592 W B03C01/com.ohos.multimedia/AudioService: crash detected: NullPointerException at MainAbility.onForeground
05-22 17:30:17.909  8763  8921 I B03C01/com.ohos.multimedia/AudioService: battery level: 85%, charging: false
05-22 17:30:17.925  9077  9092 E B03C01/com.ohos.multimedia/AudioService: audio focus request granted for stream music
05-22 17:30:17.950  8483  8573 I D01A01/com.ohos.devicemanager/PowerManager: incoming call from 13800138000
05-22 17:30:17.963  9033  9142 E D01A01/com.ohos.devicemanager/PowerManager: def pattern match successful for flow checkpoint
05-22 17:30:17.980  9194  9247 D A01B02/com.ohos.applauncher/MainAbility: fatal error: out of memory, heap size 512MB exceeded
05-22 17:30:17.996  9110  9114 I A01B01/com.ohos.sceneboard/HOME: background task timeout, killing process
05-22 17:30:18.010  9846  9949 I A01B01/com.ohos.sceneboard/HOME: database query executed in 45ms
05-22 17:30:18.016  9009  9205 I A01B01/com.ohos.sceneboard/HOME: battery level: 85%, charging: false
05-22 17:30:18.036  8282  8399 D A01B02/com.ohos.applauncher/MainAbility: audio focus request granted for stream music
05-22 17:30:18.041  8086  8175 I A01B01/com.ohos.sceneboard/HOME: onStart ability completed successfully
05-22 17:30:18.045  9697  9747 W A01B01/com.ohos.sceneboard/HOME: page navigation: HOME -> Settings
05-22 17:30:18.074  8882  9046 I A01B02/com.ohos.applauncher/MainAbility: ANR detected in main thread, stack trace: com.ohos.app.launch
05-22 17:30:18.091  9405  9594 D A01B01/com.ohos.sceneboard/HOME: fatal error: out of memory, heap size 512MB exceeded
05-22 17:30:18.095  9513  9575 I A01B02/com.ohos.applauncher/MainAbility: battery level: 85%, charging: false
05-22 17:30:18.118  9793  9836 I A01B02/com.ohos.applauncher/MainAbility: def pattern match successful for flow checkpoint
05-22 17:30:18.136  9065  9131 W A01B02/com.ohos.applauncher/MainAbility: audio focus request granted for stream music
05-22 17:30:18.139  9961  9963 D A01B02/com.ohos.applauncher/MainAbility: battery level: 85%, charging: false
05-22 17:30:18.168  9793  9977 W A01B01/com.ohos.sceneboard/HOME: audio focus request granted for stream music
05-22 17:30:18.171  9416  9491 I C02D01/com.ohos.settings/Bluetooth: def pattern match successful for flow checkpoint
05-22 17:30:18.181  9274  9411 I D01A01/com.ohos.devicemanager/PowerManager: background task timeout, killing process
05-22 17:30:18.193  9720  9725 D A01B02/com.ohos.applauncher/MainAbility: database query executed in 45ms
05-22 17:30:18.214  8200  8349 W B03C01/com.ohos.multimedia/AudioService: network state changed: WIFI -> 5G
05-22 17:30:18.242  9352  9522 W B03C01/com.ohos.multimedia/AudioService: permission denied: location requires user grant
05-22 17:30:18.268  9072  9211 W C02D01/com.ohos.settings/Bluetooth: battery level: 85%, charging: false
05-22 17:30:18.294  8215  8229 I B03C01/com.ohos.multimedia/AudioService: memory usage: 320MB, available: 180MB
05-22 17:30:18.308  8913  8922 D A01B01/com.ohos.sceneboard/HOME: permission denied: location requires user grant
05-22 17:30:18.324  8845  8930 D A01B01/com.ohos.sceneboard/HOME: page navigation: HOME -> Settings
05-22 17:30:18.331  9290  9363 I A01B01/com.ohos.sceneboard/HOME: def pattern match successful for flow checkpoint
05-22 17:30:18.347  8981  9172 I D01A01/com.ohos.devicemanager/PowerManager: onStart ability completed successfully
05-22 17:30:18.351  8407  8440 I E02F01/com.ohos.hiview/HiViewService: def pattern match successful for flow checkpoint
05-22 17:30:18.354  9920  10057 I B03C01/com.ohos.multimedia/AudioService: data sync completed, records: 2048
05-22 17:30:18.360  9303  9371 I A01B01/com.ohos.sceneboard/HOME: crash detected: NullPointerException at MainAbility.onForeground
05-22 17:30:18.363  9553  9655 I B03C01/com.ohos.multimedia/AudioService: fatal error: out of memory, heap size 512MB exceeded
05-22 17:30:18.370  9645  9649 I B03C01/com.ohos.multimedia/AudioService: onStart ability completed successfully
05-22 17:30:18.399  9345  9386 D A01B01/com.ohos.sceneboard/HOME: ANR detected in main thread, stack trace: com.ohos.app.launch
05-22 17:30:18.413  9054  9236 I E02F01/com.ohos.hiview/HiViewService: battery level: 85%, charging: false
05-22 17:30:18.431  8575  8659 W A01B01/com.ohos.sceneboard/HOME: database query executed in 45ms
05-22 17:30:18.442  8303  8414 I B03C01/com.ohos.multimedia/AudioService: page navigation: HOME -> Settings
05-22 17:30:18.461  9685  9726 I E02F01/com.ohos.hiview/HiViewService: audio focus request granted for stream music
05-22 17:30:18.483  9378  9458 W A01B02/com.ohos.applauncher/MainAbility: crash detected: NullPointerException at MainAbility.onForeground
05-22 17:30:18.506  8107  8280 I D01A01/com.ohos.devicemanager/PowerManager: battery level: 85%, charging: false
05-22 17:30:18.529  8043  8140 E A01B02/com.ohos.applauncher/MainAbility: background task timeout, killing process
05-22 17:30:18.537  9047  9107 E D01A01/com.ohos.devicemanager/PowerManager: permission denied: location requires user grant
05-22 17:30:18.562  9419  9588 W A01B02/com.ohos.applauncher/MainAbility: audio focus request granted for stream music
05-22 17:30:18.574  9190  9349 D A01B01/com.ohos.sceneboard/HOME: battery level: 85%, charging: false
05-22 17:30:18.576  8991  9121 I A01B02/com.ohos.applauncher/MainAbility: audio focus request granted for stream music
05-22 17:30:18.599  8390  8403 I D01A01/com.ohos.devicemanager/PowerManager: battery level: 85%, charging: false
05-22 17:30:18.618  8585  8646 D A01B02/com.ohos.applauncher/MainAbility: memory usage: 320MB, available: 180MB
05-22 17:30:18.647  8088  8115 I A01B01/com.ohos.sceneboard/HOME: audio focus request granted for stream music
05-22 17:30:18.660  9172  9258 I D01A01/com.ohos.devicemanager/PowerManager: permission denied: location requires user grant
05-22 17:30:18.669  8364  8456 I E02F01/com.ohos.hiview/HiViewService: page navigation: HOME -> Settings
05-22 17:30:18.695  8842  8987 W C02D01/com.ohos.settings/Bluetooth: bluetooth device connected: Headset_Pro
05-22 17:30:18.709  8139  8234 I E02F01/com.ohos.hiview/HiViewService: bluetooth device connected: Headset_Pro
05-22 17:30:18.716  9737  9792 W B03C01/com.ohos.multimedia/AudioService: memory usage: 320MB, available: 180MB
05-22 17:30:18.724  8227  8411 I D01A01/com.ohos.devicemanager/PowerManager: network state changed: WIFI -> 5G
05-22 17:30:18.737  9465  9606 I C02D01/com.ohos.settings/Bluetooth: crash detected: NullPointerException at MainAbility.onForeground
05-22 17:30:18.767  8271  8334 I B03C01/com.ohos.multimedia/AudioService: def pattern match successful for flow checkpoint
05-22 17:30:18.779  8700  8804 I A01B02/com.ohos.applauncher/MainAbility: battery level: 85%, charging: false
05-22 17:30:18.806  8688  8851 I D01A01/com.ohos.devicemanager/PowerManager: permission denied: location requires user grant
05-22 17:30:18.811  9839  9846 W A01B01/com.ohos.sceneboard/HOME: database query executed in 45ms
05-22 17:30:18.818  8089  8227 I E02F01/com.ohos.hiview/HiViewService: onStart ability completed successfully
05-22 17:30:18.848  8555  8618 W A01B02/com.ohos.applauncher/MainAbility: network state changed: WIFI -> 5G
05-22 17:30:18.872  8388  8432 I D01A01/com.ohos.devicemanager/PowerManager: onStart ability completed successfully
05-22 17:30:18.879  8356  8516 D A01B02/com.ohos.applauncher/MainAbility: ANR detected in main thread, stack trace: com.ohos.app.launch
05-22 17:30:18.902  8024  8065 I A01B02/com.ohos.applauncher/MainAbility: network state changed: WIFI -> 5G
05-22 17:30:18.917  8197  8340 D E02F01/com.ohos.hiview/HiViewService: database query executed in 45ms
05-22 17:30:18.945  9041  9139 I E02F01/com.ohos.hiview/HiViewService: audio focus request granted for stream music
05-22 17:30:18.966  9085  9216 D B03C01/com.ohos.multimedia/AudioService: def pattern match successful for flow checkpoint
05-22 17:30:18.976  8914  9051 I C02D01/com.ohos.settings/Bluetooth: page navigation: HOME -> Settings
05-22 17:30:18.994  9494  9549 I B03C01/com.ohos.multimedia/AudioService: ANR detected in main thread, stack trace: com.ohos.app.launch
05-22 17:30:19.015  9928  10060 W B03C01/com.ohos.multimedia/AudioService: bluetooth device connected: Headset_Pro
05-22 17:30:19.031  9299  9332 W D01A01/com.ohos.devicemanager/PowerManager: def pattern match successful for flow checkpoint
05-22 17:30:19.035  9604  9802 I D01A01/com.ohos.devicemanager/PowerManager: onStart ability completed successfully
05-22 17:30:19.041  9534  9636 E C02D01/com.ohos.settings/Bluetooth: page navigation: HOME -> Settings
05-22 17:30:19.059  9870  9880 W C02D01/com.ohos.settings/Bluetooth: ANR detected in main thread, stack trace: com.ohos.app.launch
05-22 17:30:19.088  9879  10035 D B03C01/com.ohos.multimedia/AudioService: bluetooth device connected: Headset_Pro
05-22 17:30:19.116  8583  8643 E D01A01/com.ohos.devicemanager/PowerManager: incoming call from 13800138000
05-22 17:30:19.146  8144  8271 W E02F01/com.ohos.hiview/HiViewService: onStart ability completed successfully
05-22 17:30:19.148  8081  8132 I D01A01/com.ohos.devicemanager/PowerManager: permission denied: location requires user grant
05-22 17:30:19.173  8963  9116 W A01B02/com.ohos.applauncher/MainAbility: page navigation: HOME -> Settings
05-22 17:30:19.200  8062  8189 D A01B02/com.ohos.applauncher/MainAbility: permission denied: location requires user grant
05-22 17:30:19.227  8871  8892 D C02D01/com.ohos.settings/Bluetooth: data sync completed, records: 2048
05-22 17:30:19.234  9968  10114 I B03C01/com.ohos.multimedia/AudioService: onStart ability completed successfully
05-22 17:30:19.242  9622  9786 D A01B02/com.ohos.applauncher/MainAbility: memory usage: 320MB, available: 180MB
05-22 17:30:19.248  8423  8611 D B03C01/com.ohos.multimedia/AudioService: network state changed: WIFI -> 5G
05-22 17:30:19.253  8167  8272 D D01A01/com.ohos.devicemanager/PowerManager: network state changed: WIFI -> 5G
05-22 17:30:19.272  9720  9736 E A01B01/com.ohos.sceneboard/HOME: battery level: 85%, charging: false
05-22 17:30:19.287  8293  8475 D E02F01/com.ohos.hiview/HiViewService: onStart ability completed successfully
05-22 17:30:19.296  8105  8259 I D01A01/com.ohos.devicemanager/PowerManager: crash detected: NullPointerException at MainAbility.onForeground
05-22 17:30:19.315  8221  8242 I E02F01/com.ohos.hiview/HiViewService: fatal error: out of memory, heap size 512MB exceeded
05-22 17:30:19.334  8166  8277 D A01B01/com.ohos.sceneboard/HOME: incoming call from 13800138000
05-22 17:30:19.359  9439  9577 W E02F01/com.ohos.hiview/HiViewService: permission denied: location requires user grant
05-22 17:30:19.361  9541  9645 D A01B01/com.ohos.sceneboard/HOME: battery level: 85%, charging: false
05-22 17:30:19.388  9713  9759 I A01B01/com.ohos.sceneboard/HOME: background task timeout, killing process
05-22 17:30:19.401  8997  9073 I D01A01/com.ohos.devicemanager/PowerManager: onStart ability completed successfully
05-22 17:30:19.410  9967  9992 W A01B02/com.ohos.applauncher/MainAbility: memory usage: 320MB, available: 180MB
05-22 17:30:19.433  8149  8231 D B03C01/com.ohos.multimedia/AudioService: permission denied: location requires user grant
05-22 17:30:19.436  9682  9694 W B03C01/com.ohos.multimedia/AudioService: crash detected: NullPointerException at MainAbility.onForeground
05-22 17:30:19.463  8410  8433 D A01B01/com.ohos.sceneboard/HOME: memory usage: 320MB, available: 180MB
05-22 17:30:19.469  8145  8273 I A01B02/com.ohos.applauncher/MainAbility: page navigation: HOME -> Settings
05-22 17:30:19.474  8859  8896 W D01A01/com.ohos.devicemanager/PowerManager: onStart ability completed successfully
05-22 17:30:19.478  8647  8731 I B03C01/com.ohos.multimedia/AudioService: fatal error: out of memory, heap size 512MB exceeded
05-22 17:30:19.506  9167  9322 D A01B02/com.ohos.applauncher/MainAbility: background task timeout, killing process
05-22 17:30:19.527  9420  9469 I C02D01/com.ohos.settings/Bluetooth: battery level: 85%, charging: false
05-22 17:30:19.556  9304  9339 E A01B02/com.ohos.applauncher/MainAbility: incoming call from 13800138000
05-22 17:30:19.574  8584  8674 I B03C01/com.ohos.multimedia/AudioService: network state changed: WIFI -> 5G
05-22 17:30:19.601  9292  9430 W A01B01/com.ohos.sceneboard/HOME: def pattern match successful for flow checkpoint
05-22 17:30:19.601  8829  8837 W B03C01/com.ohos.multimedia/AudioService: bluetooth device connected: Headset_Pro
05-22 17:30:19.625  9317  9417 W E02F01/com.ohos.hiview/HiViewService: def pattern match successful for flow checkpoint
05-22 17:30:19.649  8960  9048 W B03C01/com.ohos.multimedia/AudioService: fatal error: out of memory, heap size 512MB exceeded
05-22 17:30:19.653  8792  8808 W A01B02/com.ohos.applauncher/MainAbility: incoming call from 13800138000
05-22 17:30:19.677  8795  8915 I A01B02/com.ohos.applauncher/MainAbility: crash detected: NullPointerException at MainAbility.onForeground
05-22 17:30:19.696  9139  9213 D E02F01/com.ohos.hiview/HiViewService: memory usage: 320MB, available: 180MB
05-22 17:30:19.706  8783  8857 I A01B02/com.ohos.applauncher/MainAbility: background task timeout, killing process
05-22 17:30:19.712  9996  10057 I D01A01/com.ohos.devicemanager/PowerManager: ANR detected in main thread, stack trace: com.ohos.app.launch
05-22 17:30:19.715  8256  8300 E A01B02/com.ohos.applauncher/MainAbility: background task timeout, killing process
05-22 17:30:19.715  9150  9316 D A01B01/com.ohos.sceneboard/HOME: incoming call from 13800138000
05-22 17:30:19.715  8759  8800 I D01A01/com.ohos.devicemanager/PowerManager: incoming call from 13800138000
05-22 17:30:19.732  9470  9516 I A01B01/com.ohos.sceneboard/HOME: bluetooth device connected: Headset_Pro
05-22 17:30:19.751  9670  9846 D D01A01/com.ohos.devicemanager/PowerManager: onStart ability completed successfully
05-22 17:30:19.772  9929  10002 I E02F01/com.ohos.hiview/HiViewService: battery level: 85%, charging: false
05-22 17:30:19.781  9426  9580 D A01B02/com.ohos.applauncher/MainAbility: data sync completed, records: 2048
05-22 17:30:19.801  8583  8643 I A01B02/com.ohos.applauncher/MainAbility: fatal error: out of memory, heap size 512MB exceeded
05-22 17:30:19.828  9620  9696 I A01B02/com.ohos.applauncher/MainAbility: def pattern match successful for flow checkpoint
05-22 17:30:19.851  8943  8969 W A01B01/com.ohos.sceneboard/HOME: ANR detected in main thread, stack trace: com.ohos.app.launch
05-22 17:30:19.878  8604  8771 I A01B01/com.ohos.sceneboard/HOME: memory usage: 320MB, available: 180MB
05-22 17:30:19.879  8798  8906 I E02F01/com.ohos.hiview/HiViewService: page navigation: HOME -> Settings
05-22 17:30:19.889  9773  9819 D A01B01/com.ohos.sceneboard/HOME: network state changed: WIFI -> 5G
05-22 17:30:19.904  8244  8379 D B03C01/com.ohos.multimedia/AudioService: bluetooth device connected: Headset_Pro
05-22 17:30:19.927  8267  8406 D C02D01/com.ohos.settings/Bluetooth: bluetooth device connected: Headset_Pro
05-22 17:30:19.940  8700  8878 I A01B01/com.ohos.sceneboard/HOME: memory usage: 320MB, available: 180MB
05-22 17:30:19.953  9460  9495 I A01B02/com.ohos.applauncher/MainAbility: data sync completed, records: 2048
05-22 17:30:19.977  9560  9644 W A01B01/com.ohos.sceneboard/HOME: data sync completed, records: 2048
05-22 17:30:19.988  8860  9010 I A01B02/com.ohos.applauncher/MainAbility: ANR detected in main thread, stack trace: com.ohos.app.launch
05-22 17:30:20.014  8584  8665 D C02D01/com.ohos.settings/Bluetooth: ANR detected in main thread, stack trace: com.ohos.app.launch
05-22 17:30:20.031  9438  9469 W A01B02/com.ohos.applauncher/MainAbility: page navigation: HOME -> Settings
05-22 17:30:20.052  8198  8261 I C02D01/com.ohos.settings/Bluetooth: ANR detected in main thread, stack trace: com.ohos.app.launch
05-22 17:30:20.065  9256  9394 W D01A01/com.ohos.devicemanager/PowerManager: onStart ability completed successfully
05-22 17:30:20.095  8066  8137 W B03C01/com.ohos.multimedia/AudioService: ANR detected in main thread, stack trace: com.ohos.app.launch
05-22 17:30:20.107  8751  8858 D C02D01/com.ohos.settings/Bluetooth: crash detected: NullPointerException at MainAbility.onForeground
05-22 17:30:20.118  9465  9494 W D01A01/com.ohos.devicemanager/PowerManager: fatal error: out of memory, heap size 512MB exceeded
05-22 17:30:20.141  9603  9744 D D01A01/com.ohos.devicemanager/PowerManager: audio focus request granted for stream music
05-22 17:30:20.154  9735  9791 I A01B02/com.ohos.applauncher/MainAbility: incoming call from 13800138000
05-22 17:30:20.168  9262  9272 I A01B01/com.ohos.sceneboard/HOME: memory usage: 320MB, available: 180MB
05-22 17:30:20.191  8010  8112 D D01A01/com.ohos.devicemanager/PowerManager: incoming call from 13800138000
05-22 17:30:20.212  9952  10016 I B03C01/com.ohos.multimedia/AudioService: onStart ability completed successfully
05-22 17:30:20.212  9512  9707 E B03C01/com.ohos.multimedia/AudioService: background task timeout, killing process
05-22 17:30:20.229  9568  9681 W A01B01/com.ohos.sceneboard/HOME: memory usage: 320MB, available: 180MB
05-22 17:30:20.250  9618  9624 I D01A01/com.ohos.devicemanager/PowerManager: fatal error: out of memory, heap size 512MB exceeded
05-22 17:30:20.255  9143  9299 D C02D01/com.ohos.settings/Bluetooth: battery level: 85%, charging: false
05-22 17:30:20.278  9133  9298 D A01B02/com.ohos.applauncher/MainAbility: network state changed: WIFI -> 5G
05-22 17:30:20.286  9089  9194 D E02F01/com.ohos.hiview/HiViewService: incoming call from 13800138000
05-22 17:30:20.292  8159  8267 I D01A01/com.ohos.devicemanager/PowerManager: network state changed: WIFI -> 5G
05-22 17:30:20.308  8847  9040 I B03C01/com.ohos.multimedia/AudioService: data sync completed, records: 2048
05-22 17:30:20.317  8424  8586 W D01A01/com.ohos.devicemanager/PowerManager: incoming call from 13800138000
05-22 17:30:20.340  9550  9595 I A01B02/com.ohos.applauncher/MainAbility: audio focus request granted for stream music
05-22 17:30:20.356  9438  9583 I C02D01/com.ohos.settings/Bluetooth: data sync completed, records: 2048
05-22 17:30:20.375  9855  9896 W A01B01/com.ohos.sceneboard/HOME: permission denied: location requires user grant
05-22 17:30:20.391  9563  9577 D E02F01/com.ohos.hiview/HiViewService: background task timeout, killing process
05-22 17:30:20.419  8802  8808 I A01B01/com.ohos.sceneboard/HOME: background task timeout, killing process
05-22 17:30:20.421  8955  9064 D A01B02/com.ohos.applauncher/MainAbility: def pattern match successful for flow checkpoint
05-22 17:30:20.437  8028  8087 E B03C01/com.ohos.multimedia/AudioService: bluetooth device connected: Headset_Pro
05-22 17:30:20.457  9905  10046 I C02D01/com.ohos.settings/Bluetooth: ANR detected in main thread, stack trace: com.ohos.app.launch
05-22 17:30:20.458  9565  9604 D A01B01/com.ohos.sceneboard/HOME: onStart ability completed successfully
05-22 17:30:20.470  9957  9959 E A01B02/com.ohos.applauncher/MainAbility: crash detected: NullPointerException at MainAbility.onForeground
05-22 17:30:20.485  9878  9900 D A01B02/com.ohos.applauncher/MainAbility: fatal error: out of memory, heap size 512MB exceeded
05-22 17:30:20.501  9766  9880 D B03C01/com.ohos.multimedia/AudioService: crash detected: NullPointerException at MainAbility.onForeground
05-22 17:30:20.501  8185  8380 D E02F01/com.ohos.hiview/HiViewService: crash detected: NullPointerException at MainAbility.onForeground
05-22 17:30:20.522  9354  9444 W A01B01/com.ohos.sceneboard/HOME: fatal error: out of memory, heap size 512MB exceeded
05-22 17:30:20.528  9572  9741 E C02D01/com.ohos.settings/Bluetooth: background task timeout, killing process
05-22 17:30:20.530  8405  8479 D C02D01/com.ohos.settings/Bluetooth: ANR detected in main thread, stack trace: com.ohos.app.launch
05-22 17:30:20.548  9305  9437 W C02D01/com.ohos.settings/Bluetooth: data sync completed, records: 2048
05-22 17:30:20.560  8733  8792 I A01B02/com.ohos.applauncher/MainAbility: onStart ability completed successfully
05-22 17:30:20.565  9843  9858 E A01B01/com.ohos.sceneboard/HOME: network state changed: WIFI -> 5G
05-22 17:30:20.588  8515  8549 W B03C01/com.ohos.multimedia/AudioService: network state changed: WIFI -> 5G
05-22 17:30:20.592  8074  8244 I E02F01/com.ohos.hiview/HiViewService: onStart ability completed successfully
05-22 17:30:20.594  9656  9665 E D01A01/com.ohos.devicemanager/PowerManager: def pattern match successful for flow checkpoint
05-22 17:30:20.610  9181  9246 I C02D01/com.ohos.settings/Bluetooth: onStart ability completed successfully
05-22 17:30:20.626  8300  8354 W A01B02/com.ohos.applauncher/MainAbility: memory usage: 320MB, available: 180MB
05-22 17:30:20.646  9984  10116 I B03C01/com.ohos.multimedia/AudioService: onStart ability completed successfully
05-22 17:30:20.675  9565  9724 D D01A01/com.ohos.devicemanager/PowerManager: incoming call from 13800138000
05-22 17:30:20.675  9755  9855 I D01A01/com.ohos.devicemanager/PowerManager: permission denied: location requires user grant
05-22 17:30:20.685  8198  8296 I A01B01/com.ohos.sceneboard/HOME: bluetooth device connected: Headset_Pro
05-22 17:30:20.695  8784  8890 D C02D01/com.ohos.settings/Bluetooth: audio focus request granted for stream music
05-22 17:30:20.713  9706  9769 E E02F01/com.ohos.hiview/HiViewService: data sync completed, records: 2048
05-22 17:30:20.738  9336  9419 I C02D01/com.ohos.settings/Bluetooth: battery level: 85%, charging: false
05-22 17:30:20.739  8639  8802 D A01B01/com.ohos.sceneboard/HOME: battery level: 85%, charging: false
05-22 17:30:20.752  8841  8949 I B03C01/com.ohos.multimedia/AudioService: bluetooth device connected: Headset_Pro
05-22 17:30:20.763  8872  9044 D D01A01/com.ohos.devicemanager/PowerManager: fatal error: out of memory, heap size 512MB exceeded
05-22 17:30:20.767  9824  9920 W E02F01/com.ohos.hiview/HiViewService: data sync completed, records: 2048
05-22 17:30:20.791  9449  9492 I B03C01/com.ohos.multimedia/AudioService: background task timeout, killing process
05-22 17:30:20.800  9478  9642 E E02F01/com.ohos.hiview/HiViewService: fatal error: out of memory, heap size 512MB exceeded
05-22 17:30:20.800  9715  9781 E D01A01/com.ohos.devicemanager/PowerManager: database query executed in 45ms
05-22 17:30:20.810  8445  8576 W A01B02/com.ohos.applauncher/MainAbility: background task timeout, killing process
05-22 17:30:20.812  8808  8817 D E02F01/com.ohos.hiview/HiViewService: permission denied: location requires user grant
05-22 17:30:20.819  9722  9804 W D01A01/com.ohos.devicemanager/PowerManager: onStart ability completed successfully
05-22 17:30:20.833  8420  8564 D E02F01/com.ohos.hiview/HiViewService: onStart ability completed successfully
05-22 17:30:20.850  8738  8866 D D01A01/com.ohos.devicemanager/PowerManager: page navigation: HOME -> Settings
05-22 17:30:20.866  8225  8336 I A01B02/com.ohos.applauncher/MainAbility: network state changed: WIFI -> 5G
05-22 17:30:20.889  8471  8595 W D01A01/com.ohos.devicemanager/PowerManager: onStart ability completed successfully
05-22 17:30:20.917  8046  8114 I D01A01/com.ohos.devicemanager/PowerManager: bluetooth device connected: Headset_Pro
05-22 17:30:20.928  8616  8816 W B03C01/com.ohos.multimedia/AudioService: permission denied: location requires user grant
05-22 17:30:20.950  9359  9519 D B03C01/com.ohos.multimedia/AudioService: data sync completed, records: 2048
05-22 17:30:20.970  9378  9536 I A01B01/com.ohos.sceneboard/HOME: incoming call from 13800138000
05-22 17:30:20.999  8009  8185 W A01B02/com.ohos.applauncher/MainAbility: permission denied: location requires user grant
05-22 17:30:21.006  9666  9779 D D01A01/com.ohos.devicemanager/PowerManager: onStart ability completed successfully
05-22 17:30:21.011  9338  9484 D B03C01/com.ohos.multimedia/AudioService: permission denied: location requires user grant
05-22 17:30:21.017  9805  9825 I E02F01/com.ohos.hiview/HiViewService: bluetooth device connected: Headset_Pro
05-22 17:30:21.025  9601  9790 W B03C01/com.ohos.multimedia/AudioService: battery level: 85%, charging: false
05-22 17:30:21.042  9190  9312 W B03C01/com.ohos.multimedia/AudioService: network state changed: WIFI -> 5G
05-22 17:30:21.048  8149  8182 E A01B02/com.ohos.applauncher/MainAbility: database query executed in 45ms
05-22 17:30:21.070  9260  9399 W D01A01/com.ohos.devicemanager/PowerManager: database query executed in 45ms
05-22 17:30:21.072  8365  8552 D D01A01/com.ohos.devicemanager/PowerManager: memory usage: 320MB, available: 180MB
05-22 17:30:21.090  9163  9245 D E02F01/com.ohos.hiview/HiViewService: memory usage: 320MB, available: 180MB
05-22 17:30:21.095  8025  8081 W B03C01/com.ohos.multimedia/AudioService: bluetooth device connected: Headset_Pro
05-22 17:30:21.108  9204  9219 D C02D01/com.ohos.settings/Bluetooth: ANR detected in main thread, stack trace: com.ohos.app.launch
05-22 17:30:21.121  9579  9709 I A01B01/com.ohos.sceneboard/HOME: incoming call from 13800138000
05-22 17:30:21.139  8348  8499 W B03C01/com.ohos.multimedia/AudioService: database query executed in 45ms
05-22 17:30:21.157  9779  9912 D A01B02/com.ohos.applauncher/MainAbility: page navigation: HOME -> Settings
05-22 17:30:21.175  8265  8436 I E02F01/com.ohos.hiview/HiViewService: battery level: 85%, charging: false
05-22 17:30:21.177  8831  8833 W C02D01/com.ohos.settings/Bluetooth: crash detected: NullPointerException at MainAbility.onForeground
05-22 17:30:21.181  9191  9242 I D01A01/com.ohos.devicemanager/PowerManager: database query executed in 45ms
05-22 17:30:21.196  8854  9032 W E02F01/com.ohos.hiview/HiViewService: fatal error: out of memory, heap size 512MB exceeded
05-22 17:30:21.218  9531  9569 I D01A01/com.ohos.devicemanager/PowerManager: battery level: 85%, charging: false
05-22 17:30:21.234  9898  9973 I B03C01/com.ohos.multimedia/AudioService: network state changed: WIFI -> 5G
05-22 17:30:21.235  8932  8994 I A01B02/com.ohos.applauncher/MainAbility: page navigation: HOME -> Settings
05-22 17:30:21.263  8188  8369 E A01B02/com.ohos.applauncher/MainAbility: permission denied: location requires user grant
05-22 17:30:21.288  8341  8400 W E02F01/com.ohos.hiview/HiViewService: crash detected: NullPointerException at MainAbility.onForeground
05-22 17:30:21.301  9031  9179 D A01B01/com.ohos.sceneboard/HOME: ANR detected in main thread, stack trace: com.ohos.app.launch
05-22 17:30:21.320  8636  8725 I A01B01/com.ohos.sceneboard/HOME: background task timeout, killing process
05-22 17:30:21.338  9482  9593 D B03C01/com.ohos.multimedia/AudioService: def pattern match successful for flow checkpoint
05-22 17:30:21.364  9790  9817 I B03C01/com.ohos.multimedia/AudioService: battery level: 85%, charging: false
05-22 17:30:21.384  8605  8687 I A01B02/com.ohos.applauncher/MainAbility: def pattern match successful for flow checkpoint
05-22 17:30:21.399  8207  8297 I A01B01/com.ohos.sceneboard/HOME: bluetooth device connected: Headset_Pro
05-22 17:30:21.425  8381  8441 D B03C01/com.ohos.multimedia/AudioService: database query executed in 45ms
05-22 17:30:21.443  8340  8427 D A01B02/com.ohos.applauncher/MainAbility: memory usage: 320MB, available: 180MB
05-22 17:30:21.473  9170  9177 I A01B02/com.ohos.applauncher/MainAbility: page navigation: HOME -> Settings
05-22 17:30:21.494  9151  9216 W B03C01/com.ohos.multimedia/AudioService: onStart ability completed successfully
05-22 17:30:21.506  9597  9738 D C02D01/com.ohos.settings/Bluetooth: audio focus request granted for stream music
05-22 17:30:21.523  9800  9981 I B03C01/com.ohos.multimedia/AudioService: fatal error: out of memory, heap size 512MB exceeded
05-22 17:30:21.541  9651  9713 E E02F01/com.ohos.hiview/HiViewService: permission denied: location requires user grant
05-22 17:30:21.569  8889  9087 I C02D01/com.ohos.settings/Bluetooth: page navigation: HOME -> Settings
05-22 17:30:21.582  8932  9005 D D01A01/com.ohos.devicemanager/PowerManager: background task timeout, killing process
05-22 17:30:21.592  8244  8284 I B03C01/com.ohos.multimedia/AudioService: fatal error: out of memory, heap size 512MB exceeded
05-22 17:30:21.608  8482  8615 D A01B02/com.ohos.applauncher/MainAbility: onStart ability completed successfully
05-22 17:30:21.611  8888  8930 W A01B02/com.ohos.applauncher/MainAbility: audio focus request granted for stream music
05-22 17:30:21.641  8436  8457 I A01B01/com.ohos.sceneboard/HOME: battery level: 85%, charging: false
05-22 17:30:21.651  8287  8438 I E02F01/com.ohos.hiview/HiViewService: ANR detected in main thread, stack trace: com.ohos.app.launch
05-22 17:30:21.678  9115  9131 W A01B01/com.ohos.sceneboard/HOME: permission denied: location requires user grant
05-22 17:30:21.681  9808  9979 D A01B02/com.ohos.applauncher/MainAbility: memory usage: 320MB, available: 180MB
05-22 17:30:21.705  9799  9925 I D01A01/com.ohos.devicemanager/PowerManager: crash detected: NullPointerException at MainAbility.onForeground
05-22 17:30:21.714  9181  9327 I C02D01/com.ohos.settings/Bluetooth: onStart ability completed successfully
05-22 17:30:21.716  9171  9225 I A01B02/com.ohos.applauncher/MainAbility: crash detected: NullPointerException at MainAbility.onForeground
05-22 17:30:21.728  8795  8873 I A01B02/com.ohos.applauncher/MainAbility: fatal error: out of memory, heap size 512MB exceeded
05-22 17:30:21.729  9558  9558 I E02F01/com.ohos.hiview/HiViewService: network state changed: WIFI -> 5G
05-22 17:30:21.754  8961  8966 I A01B02/com.ohos.applauncher/MainAbility: page navigation: HOME -> Settings
05-22 17:30:21.762  8878  8888 W E02F01/com.ohos.hiview/HiViewService: database query executed in 45ms
05-22 17:30:21.770  9620  9670 W E02F01/com.ohos.hiview/HiViewService: permission denied: location requires user grant
05-22 17:30:21.791  9383  9560 D A01B02/com.ohos.applauncher/MainAbility: incoming call from 13800138000
05-22 17:30:21.812  9586  9697 I E02F01/com.ohos.hiview/HiViewService: page navigation: HOME -> Settings
05-22 17:30:21.833  9333  9378 I C02D01/com.ohos.settings/Bluetooth: fatal error: out of memory, heap size 512MB exceeded
05-22 17:30:21.842  8675  8838 E C02D01/com.ohos.settings/Bluetooth: incoming call from 13800138000
05-22 17:30:21.853  8290  8360 D A01B01/com.ohos.sceneboard/HOME: ANR detected in main thread, stack trace: com.ohos.app.launch
05-22 17:30:21.865  8817  8863 I B03C01/com.ohos.multimedia/AudioService: memory usage: 320MB, available: 180MB
05-22 17:30:21.891  9332  9447 I B03C01/com.ohos.multimedia/AudioService: network state changed: WIFI -> 5G
05-22 17:30:21.904  8689  8792 I A01B01/com.ohos.sceneboard/HOME: def pattern match successful for flow checkpoint
05-22 17:30:21.910  8332  8475 I D01A01/com.ohos.devicemanager/PowerManager: def pattern match successful for flow checkpoint
05-22 17:30:21.923  9343  9505 D B03C01/com.ohos.multimedia/AudioService: onStart ability completed successfully
05-22 17:30:21.933  8604  8675 D C02D01/com.ohos.settings/Bluetooth: data sync completed, records: 2048
05-22 17:30:21.961  9874  9911 D D01A01/com.ohos.devicemanager/PowerManager: network state changed: WIFI -> 5G
05-22 17:30:21.981  8360  8475 W B03C01/com.ohos.multimedia/AudioService: data sync completed, records: 2048
05-22 17:30:21.992  9412  9469 D A01B02/com.ohos.applauncher/MainAbility: battery level: 85%, charging: false
05-22 17:30:22.004  9399  9512 D E02F01/com.ohos.hiview/HiViewService: fatal error: out of memory, heap size 512MB exceeded
05-22 17:30:22.006  9908  9959 I D01A01/com.ohos.devicemanager/PowerManager: bluetooth device connected: Headset_Pro
05-22 17:30:22.015  8901  8976 D A01B02/com.ohos.applauncher/MainAbility: def pattern match successful for flow checkpoint
05-22 17:30:22.021  9386  9531 I D01A01/com.ohos.devicemanager/PowerManager: memory usage: 320MB, available: 180MB
05-22 17:30:22.030  9538  9734 D E02F01/com.ohos.hiview/HiViewService: ANR detected in main thread, stack trace: com.ohos.app.launch
05-22 17:30:22.050  8871  9038 D B03C01/com.ohos.multimedia/AudioService: page navigation: HOME -> Settings
05-22 17:30:22.057  8872  8959 I A01B01/com.ohos.sceneboard/HOME: background task timeout, killing process
05-22 17:30:22.057  9911  10020 W D01A01/com.ohos.devicemanager/PowerManager: bluetooth device connected: Headset_Pro
05-22 17:30:22.065  9979  10070 D A01B02/com.ohos.applauncher/MainAbility: network state changed: WIFI -> 5G
05-22 17:30:22.088  9354  9364 I C02D01/com.ohos.settings/Bluetooth: network state changed: WIFI -> 5G
05-22 17:30:22.106  8183  8236 D A01B01/com.ohos.sceneboard/HOME: network state changed: WIFI -> 5G
05-22 17:30:22.123  9110  9290 D C02D01/com.ohos.settings/Bluetooth: ANR detected in main thread, stack trace: com.ohos.app.launch
05-22 17:30:22.144  8063  8220 D C02D01/com.ohos.settings/Bluetooth: permission denied: location requires user grant
05-22 17:30:22.173  9673  9859 I D01A01/com.ohos.devicemanager/PowerManager: battery level: 85%, charging: false
05-22 17:30:22.176  9986  10109 W B03C01/com.ohos.multimedia/AudioService: fatal error: out of memory, heap size 512MB exceeded
05-22 17:30:22.206  9049  9228 W A01B01/com.ohos.sceneboard/HOME: page navigation: HOME -> Settings
05-22 17:30:22.215  8879  8912 D C02D01/com.ohos.settings/Bluetooth: crash detected: NullPointerException at MainAbility.onForeground
05-22 17:30:22.222  8550  8551 I A01B01/com.ohos.sceneboard/HOME: audio focus request granted for stream music
05-22 17:30:22.222  9695  9863 W A01B01/com.ohos.sceneboard/HOME: database query executed in 45ms
05-22 17:30:22.224  9606  9734 D D01A01/com.ohos.devicemanager/PowerManager: battery level: 85%, charging: false
05-22 17:30:22.237  9656  9731 W C02D01/com.ohos.settings/Bluetooth: crash detected: NullPointerException at MainAbility.onForeground
05-22 17:30:22.263  8371  8397 I D01A01/com.ohos.devicemanager/PowerManager: background task timeout, killing process
05-22 17:30:22.284  9763  9923 D A01B02/com.ohos.applauncher/MainAbility: page navigation: HOME -> Settings
05-22 17:30:22.291  9477  9598 I E02F01/com.ohos.hiview/HiViewService: data sync completed, records: 2048
05-22 17:30:22.292  9320  9439 E A01B01/com.ohos.sceneboard/HOME: background task timeout, killing process
05-22 17:30:22.307  8703  8888 E E02F01/com.ohos.hiview/HiViewService: memory usage: 320MB, available: 180MB
05-22 17:30:22.318  9732  9822 D D01A01/com.ohos.devicemanager/PowerManager: def pattern match successful for flow checkpoint
05-22 17:30:22.319  9950  10032 I A01B01/com.ohos.sceneboard/HOME: def pattern match successful for flow checkpoint
05-22 17:30:22.322  8218  8339 D A01B02/com.ohos.applauncher/MainAbility: ANR detected in main thread, stack trace: com.ohos.app.launch
05-22 17:30:22.334  8256  8312 I E02F01/com.ohos.hiview/HiViewService: page navigation: HOME -> Settings
05-22 17:30:22.361  8335  8364 I A01B01/com.ohos.sceneboard/HOME: memory usage: 320MB, available: 180MB
05-22 17:30:22.368  9225  9237 D D01A01/com.ohos.devicemanager/PowerManager: crash detected: NullPointerException at MainAbility.onForeground
05-22 17:30:22.395  9788  9912 W C02D01/com.ohos.settings/Bluetooth: audio focus request granted for stream music
05-22 17:30:22.409  8730  8879 I E02F01/com.ohos.hiview/HiViewService: audio focus request granted for stream music
05-22 17:30:22.430  8479  8631 W D01A01/com.ohos.devicemanager/PowerManager: memory usage: 320MB, available: 180MB
05-22 17:30:22.437  8924  9117 D A01B01/com.ohos.sceneboard/HOME: ANR detected in main thread, stack trace: com.ohos.app.launch
05-22 17:30:22.438  9301  9438 W B03C01/com.ohos.multimedia/AudioService: page navigation: HOME -> Settings
05-22 17:30:22.440  8449  8482 E E02F01/com.ohos.hiview/HiViewService: ANR detected in main thread, stack trace: com.ohos.app.launch
05-22 17:30:22.469  9229  9344 W A01B01/com.ohos.sceneboard/HOME: bluetooth device connected: Headset_Pro
05-22 17:30:22.494  8320  8436 W D01A01/com.ohos.devicemanager/PowerManager: onStart ability completed successfully
05-22 17:30:22.508  8372  8417 I A01B02/com.ohos.applauncher/MainAbility: page navigation: HOME -> Settings
05-22 17:30:22.538  9989  10125 D D01A01/com.ohos.devicemanager/PowerManager: database query executed in 45ms
05-22 17:30:22.559  9836  9921 I E02F01/com.ohos.hiview/HiViewService: onStart ability completed successfully
05-22 17:30:22.578  9324  9355 I A01B02/com.ohos.applauncher/MainAbility: background task timeout, killing process
05-22 17:30:22.584  9718  9916 I D01A01/com.ohos.devicemanager/PowerManager: memory usage: 320MB, available: 180MB
05-22 17:30:22.593  9748  9765 I A01B02/com.ohos.applauncher/MainAbility: def pattern match successful for flow checkpoint
05-22 17:30:22.601  9768  9850 D E02F01/com.ohos.hiview/HiViewService: background task timeout, killing process
05-22 17:30:22.621  8648  8761 W E02F01/com.ohos.hiview/HiViewService: memory usage: 320MB, available: 180MB
05-22 17:30:22.636  9603  9758 W A01B01/com.ohos.sceneboard/HOME: incoming call from 13800138000
05-22 17:30:22.661  8031  8167 D B03C01/com.ohos.multimedia/AudioService: bluetooth device connected: Headset_Pro
05-22 17:30:22.683  8394  8484 D A01B02/com.ohos.applauncher/MainAbility: crash detected: NullPointerException at MainAbility.onForeground
05-22 17:30:22.711  8927  9034 I D01A01/com.ohos.devicemanager/PowerManager: fatal error: out of memory, heap size 512MB exceeded
05-22 17:30:22.723  9950  10003 I B03C01/com.ohos.multimedia/AudioService: incoming call from 13800138000
05-22 17:30:22.728  8756  8894 W A01B02/com.ohos.applauncher/MainAbility: incoming call from 13800138000
05-22 17:30:22.753  8850  8854 D A01B02/com.ohos.applauncher/MainAbility: crash detected: NullPointerException at MainAbility.onForeground
05-22 17:30:22.776  9136  9273 W A01B01/com.ohos.sceneboard/HOME: audio focus request granted for stream music
05-22 17:30:22.794  8195  8315 I E02F01/com.ohos.hiview/HiViewService: bluetooth device connected: Headset_Pro
05-22 17:30:22.800  9627  9709 I E02F01/com.ohos.hiview/HiViewService: permission denied: location requires user grant
05-22 17:30:22.812  8044  8183 D A01B01/com.ohos.sceneboard/HOME: memory usage: 320MB, available: 180MB
05-22 17:30:22.813  8816  8969 E E02F01/com.ohos.hiview/HiViewService: audio focus request granted for stream music
05-22 17:30:22.819  8169  8186 E D01A01/com.ohos.devicemanager/PowerManager: crash detected: NullPointerException at MainAbility.onForeground
05-22 17:30:22.825  9774  9853 I E02F01/com.ohos.hiview/HiViewService: bluetooth device connected: Headset_Pro
05-22 17:30:22.829  8398  8455 I C02D01/com.ohos.settings/Bluetooth: audio focus request granted for stream music
05-22 17:30:22.847  9319  9511 W E02F01/com.ohos.hiview/HiViewService: crash detected: NullPointerException at MainAbility.onForeground
05-22 17:30:22.847  8229  8289 D A01B02/com.ohos.applauncher/MainAbility: background task timeout, killing process
05-22 17:30:22.850  9129  9146 I A01B01/com.ohos.sceneboard/HOME: data sync completed, records: 2048
05-22 17:30:22.857  8656  8723 E C02D01/com.ohos.settings/Bluetooth: audio focus request granted for stream music
05-22 17:30:22.872  9648  9826 D A01B02/com.ohos.applauncher/MainAbility: data sync completed, records: 2048
05-22 17:30:22.879  9374  9499 I C02D01/com.ohos.settings/Bluetooth: fatal error: out of memory, heap size 512MB exceeded
05-22 17:30:22.895  8190  8259 D D01A01/com.ohos.devicemanager/PowerManager: background task timeout, killing process
05-22 17:30:22.919  9607  9680 I B03C01/com.ohos.multimedia/AudioService: fatal error: out of memory, heap size 512MB exceeded
05-22 17:30:22.921  8719  8750 D B03C01/com.ohos.multimedia/AudioService: crash detected: NullPointerException at MainAbility.onForeground
05-22 17:30:22.940  8750  8802 W A01B02/com.ohos.applauncher/MainAbility: crash detected: NullPointerException at MainAbility.onForeground
05-22 17:30:22.960  8865  8907 I D01A01/com.ohos.devicemanager/PowerManager: bluetooth device connected: Headset_Pro
05-22 17:30:22.975  9075  9154 I A01B01/com.ohos.sceneboard/HOME: background task timeout, killing process
05-22 17:30:22.994  8608  8785 D D01A01/com.ohos.devicemanager/PowerManager: incoming call from 13800138000
05-22 17:30:22.996  9920  9994 D A01B02/com.ohos.applauncher/MainAbility: incoming call from 13800138000
05-22 17:30:23.026  8079  8150 W E02F01/com.ohos.hiview/HiViewService: page navigation: HOME -> Settings
05-22 17:30:23.050  9551  9645 D D01A01/com.ohos.devicemanager/PowerManager: battery level: 85%, charging: false
05-22 17:30:23.074  9389  9515 I D01A01/com.ohos.devicemanager/PowerManager: onStart ability completed successfully
05-22 17:30:23.098  8389  8453 I A01B01/com.ohos.sceneboard/HOME: def pattern match successful for flow checkpoint
05-22 17:30:23.121  9496  9556 I E02F01/com.ohos.hiview/HiViewService: permission denied: location requires user grant
05-22 17:30:23.126  9926  9945 I D01A01/com.ohos.devicemanager/PowerManager: permission denied: location requires user grant
05-22 17:30:23.152  9797  9912 I D01A01/com.ohos.devicemanager/PowerManager: page navigation: HOME -> Settings
05-22 17:30:23.175  8970  9056 E A01B01/com.ohos.sceneboard/HOME: background task timeout, killing process
05-22 17:30:23.187  8222  8303 D D01A01/com.ohos.devicemanager/PowerManager: page navigation: HOME -> Settings
05-22 17:30:23.199  8050  8112 E C02D01/com.ohos.settings/Bluetooth: crash detected: NullPointerException at MainAbility.onForeground
05-22 17:30:23.226  8579  8660 E B03C01/com.ohos.multimedia/AudioService: battery level: 85%, charging: false
05-22 17:30:23.232  8032  8162 I A01B01/com.ohos.sceneboard/HOME: bluetooth device connected: Headset_Pro
05-22 17:30:23.236  8125  8284 D A01B01/com.ohos.sceneboard/HOME: permission denied: location requires user grant
05-22 17:30:23.255  8633  8739 E C02D01/com.ohos.settings/Bluetooth: network state changed: WIFI -> 5G
05-22 17:30:23.263  8354  8522 D C02D01/com.ohos.settings/Bluetooth: crash detected: NullPointerException at MainAbility.onForeground
05-22 17:30:23.267  9554  9730 W C02D01/com.ohos.settings/Bluetooth: bluetooth device connected: Headset_Pro
05-22 17:30:23.269  8873  8912 W E02F01/com.ohos.hiview/HiViewService: memory usage: 320MB, available: 180MB
05-22 17:30:23.299  8770  8944 D A01B01/com.ohos.sceneboard/HOME: audio focus request granted for stream music
05-22 17:30:23.320  9955  9962 D B03C01/com.ohos.multimedia/AudioService: network state changed: WIFI -> 5G
05-22 17:30:23.329  8292  8419 W A01B02/com.ohos.applauncher/MainAbility: audio focus request granted for stream music
05-22 17:30:23.347  9307  9382 I C02D01/com.ohos.settings/Bluetooth: bluetooth device connected: Headset_Pro
05-22 17:30:23.370  9320  9324 W D01A01/com.ohos.devicemanager/PowerManager: database query executed in 45ms
05-22 17:30:23.391  8324  8518 W B03C01/com.ohos.multimedia/AudioService: onStart ability completed successfully
05-22 17:30:23.417  9915  10027 D B03C01/com.ohos.multimedia/AudioService: background task timeout, killing process
05-22 17:30:23.446  8248  8252 I C02D01/com.ohos.settings/Bluetooth: database query executed in 45ms
05-22 17:30:23.454  9126  9253 D A01B02/com.ohos.applauncher/MainAbility: def pattern match successful for flow checkpoint
05-22 17:30:23.459  9231  9415 E D01A01/com.ohos.devicemanager/PowerManager: data sync completed, records: 2048
05-22 17:30:23.479  8221  8303 I D01A01/com.ohos.devicemanager/PowerManager: background task timeout, killing process
05-22 17:30:23.492  8034  8185 D B03C01/com.ohos.multimedia/AudioService: data sync completed, records: 2048
05-22 17:30:23.508  9383  9572 I C02D01/com.ohos.settings/Bluetooth: battery level: 85%, charging: false
05-22 17:30:23.526  8814  8822 I B03C01/com.ohos.multimedia/AudioService: permission denied: location requires user grant
05-22 17:30:23.542  9963  10048 W E02F01/com.ohos.hiview/HiViewService: bluetooth device connected: Headset_Pro
05-22 17:30:23.551  9183  9199 I E02F01/com.ohos.hiview/HiViewService: data sync completed, records: 2048
05-22 17:30:23.553  9292  9335 E A01B01/com.ohos.sceneboard/HOME: database query executed in 45ms
05-22 17:30:23.580  9516  9700 I C02D01/com.ohos.settings/Bluetooth: crash detected: NullPointerException at MainAbility.onForeground
05-22 17:30:23.584  8005  8165 E A01B02/com.ohos.applauncher/MainAbility: incoming call from 13800138000
05-22 17:30:23.613  8625  8788 W A01B02/com.ohos.applauncher/MainAbility: permission denied: location requires user grant
05-22 17:30:23.636  9836  9988 I E02F01/com.ohos.hiview/HiViewService: background task timeout, killing process
05-22 17:30:23.655  8722  8800 D A01B01/com.ohos.sceneboard/HOME: memory usage: 320MB, available: 180MB
05-22 17:30:23.682  8014  8197 I C02D01/com.ohos.settings/Bluetooth: background task timeout, killing process
05-22 17:30:23.682  9121  9170 I A01B01/com.ohos.sceneboard/HOME: bluetooth device connected: Headset_Pro
05-22 17:30:23.711  8502  8608 I E02F01/com.ohos.hiview/HiViewService: bluetooth device connected: Headset_Pro
05-22 17:30:23.741  8222  8413 I A01B02/com.ohos.applauncher/MainAbility: incoming call from 13800138000
05-22 17:30:23.753  8519  8599 D A01B01/com.ohos.sceneboard/HOME: fatal error: out of memory, heap size 512MB exceeded
05-22 17:30:23.780  8591  8703 I E02F01/com.ohos.hiview/HiViewService: battery level: 85%, charging: false
05-22 17:30:23.788  8628  8685 W D01A01/com.ohos.devicemanager/PowerManager: background task timeout, killing process
05-22 17:30:23.800  9930  10095 I A01B02/com.ohos.applauncher/MainAbility: ANR detected in main thread, stack trace: com.ohos.app.launch
05-22 17:30:23.820  9375  9410 D C02D01/com.ohos.settings/Bluetooth: fatal error: out of memory, heap size 512MB exceeded
05-22 17:30:23.827  8702  8858 E A01B02/com.ohos.applauncher/MainAbility: data sync completed, records: 2048
05-22 17:30:23.852  9107  9302 D A01B02/com.ohos.applauncher/MainAbility: permission denied: location requires user grant
05-22 17:30:23.863  9710  9858 D E02F01/com.ohos.hiview/HiViewService: bluetooth device connected: Headset_Pro
05-22 17:30:23.880  9439  9562 W B03C01/com.ohos.multimedia/AudioService: crash detected: NullPointerException at MainAbility.onForeground
05-22 17:30:23.891  8292  8452 D A01B02/com.ohos.applauncher/MainAbility: ANR detected in main thread, stack trace: com.ohos.app.launch
05-22 17:30:23.900  9111  9289 I A01B01/com.ohos.sceneboard/HOME: battery level: 85%, charging: false
05-22 17:30:23.915  8523  8654 I A01B02/com.ohos.applauncher/MainAbility: audio focus request granted for stream music
05-22 17:30:23.917  9242  9257 I A01B01/com.ohos.sceneboard/HOME: data sync completed, records: 2048
05-22 17:30:23.920  9572  9612 W D01A01/com.ohos.devicemanager/PowerManager: fatal error: out of memory, heap size 512MB exceeded
05-22 17:30:23.949  9912  9954 I A01B02/com.ohos.applauncher/MainAbility: incoming call from 13800138000
05-22 17:30:23.975  9634  9702 E A01B02/com.ohos.applauncher/MainAbility: memory usage: 320MB, available: 180MB
05-22 17:30:23.998  8834  8973 W C02D01/com.ohos.settings/Bluetooth: memory usage: 320MB, available: 180MB
05-22 17:30:24.023  8467  8618 D D01A01/com.ohos.devicemanager/PowerManager: battery level: 85%, charging: false
05-22 17:30:24.027  8581  8763 I D01A01/com.ohos.devicemanager/PowerManager: fatal error: out of memory, heap size 512MB exceeded
05-22 17:30:24.043  8883  9032 E C02D01/com.ohos.settings/Bluetooth: ANR detected in main thread, stack trace: com.ohos.app.launch
05-22 17:30:24.062  9944  9977 I D01A01/com.ohos.devicemanager/PowerManager: network state changed: WIFI -> 5G
05-22 17:30:24.073  9256  9290 I C02D01/com.ohos.settings/Bluetooth: background task timeout, killing process
05-22 17:30:24.102  9954  9962 D A01B01/com.ohos.sceneboard/HOME: background task timeout, killing process
05-22 17:30:24.132  9163  9301 I C02D01/com.ohos.settings/Bluetooth: fatal error: out of memory, heap size 512MB exceeded
05-22 17:30:24.147  9236  9312 I C02D01/com.ohos.settings/Bluetooth: onStart ability completed successfully
05-22 17:30:24.153  9441  9490 D C02D01/com.ohos.settings/Bluetooth: database query executed in 45ms
05-22 17:30:24.159  9713  9751 W A01B01/com.ohos.sceneboard/HOME: ANR detected in main thread, stack trace: com.ohos.app.launch
05-22 17:30:24.187  8031  8139 I A01B01/com.ohos.sceneboard/HOME: data sync completed, records: 2048
05-22 17:30:24.202  8939  9054 I C02D01/com.ohos.settings/Bluetooth: audio focus request granted for stream music
05-22 17:30:24.228  8051  8118 I A01B02/com.ohos.applauncher/MainAbility: data sync completed, records: 2048
05-22 17:30:24.256  9114  9284 D E02F01/com.ohos.hiview/HiViewService: permission denied: location requires user grant
05-22 17:30:24.261  9701  9752 D B03C01/com.ohos.multimedia/AudioService: background task timeout, killing process
05-22 17:30:24.287  8777  8934 E B03C01/com.ohos.multimedia/AudioService: incoming call from 13800138000
05-22 17:30:24.289  8223  8366 I E02F01/com.ohos.hiview/HiViewService: database query executed in 45ms
05-22 17:30:24.289  9292  9408 I E02F01/com.ohos.hiview/HiViewService: permission denied: location requires user grant
05-22 17:30:24.295  8514  8525 E D01A01/com.ohos.devicemanager/PowerManager: network state changed: WIFI -> 5G
05-22 17:30:24.304  9502  9658 W D01A01/com.ohos.devicemanager/PowerManager: crash detected: NullPointerException at MainAbility.onForeground
05-22 17:30:24.333  9102  9199 D C02D01/com.ohos.settings/Bluetooth: page navigation: HOME -> Settings
05-22 17:30:24.351  8142  8189 D D01A01/com.ohos.devicemanager/PowerManager: page navigation: HOME -> Settings
05-22 17:30:24.375  9501  9503 I E02F01/com.ohos.hiview/HiViewService: data sync completed, records: 2048
05-22 17:30:24.405  8929  9059 W E02F01/com.ohos.hiview/HiViewService: battery level: 85%, charging: false
05-22 17:30:24.412  8259  8345 W B03C01/com.ohos.multimedia/AudioService: fatal error: out of memory, heap size 512MB exceeded
05-22 17:30:24.431  8186  8217 I B03C01/com.ohos.multimedia/AudioService: database query executed in 45ms
05-22 17:30:24.442  9540  9673 I C02D01/com.ohos.settings/Bluetooth: data sync completed, records: 2048
05-22 17:30:24.455  8216  8329 D B03C01/com.ohos.multimedia/AudioService: data sync completed, records: 2048
05-22 17:30:24.459  8730  8920 I D01A01/com.ohos.devicemanager/PowerManager: memory usage: 320MB, available: 180MB
05-22 17:30:24.471  8387  8505 W D01A01/com.ohos.devicemanager/PowerManager: onStart ability completed successfully
05-22 17:30:24.496  8973  9111 I A01B01/com.ohos.sceneboard/HOME: battery level: 85%, charging: false
05-22 17:30:24.526  9420  9486 D D01A01/com.ohos.devicemanager/PowerManager: memory usage: 320MB, available: 180MB
05-22 17:30:24.552  8634  8645 I A01B02/com.ohos.applauncher/MainAbility: background task timeout, killing process
05-22 17:30:24.570  9206  9311 I A01B01/com.ohos.sceneboard/HOME: battery level: 85%, charging: false
05-22 17:30:24.577  8037  8218 I A01B02/com.ohos.applauncher/MainAbility: database query executed in 45ms
05-22 17:30:24.602  8005  8033 W E02F01/com.ohos.hiview/HiViewService: battery level: 85%, charging: false
05-22 17:30:24.626  8659  8770 W B03C01/com.ohos.multimedia/AudioService: network state changed: WIFI -> 5G
05-22 17:30:24.649  9715  9756 E A01B01/com.ohos.sceneboard/HOME: data sync completed, records: 2048
05-22 17:30:24.664  8463  8527 D B03C01/com.ohos.multimedia/AudioService: data sync completed, records: 2048
05-22 17:30:24.670  8605  8683 I D01A01/com.ohos.devicemanager/PowerManager: bluetooth device connected: Headset_Pro
05-22 17:30:24.682  9111  9198 I E02F01/com.ohos.hiview/HiViewService: background task timeout, killing process
05-22 17:30:24.705  8377  8487 I D01A01/com.ohos.devicemanager/PowerManager: database query executed in 45ms
05-22 17:30:24.732  8620  8734 D E02F01/com.ohos.hiview/HiViewService: page navigation: HOME -> Settings
05-22 17:30:24.751  8292  8334 D B03C01/com.ohos.multimedia/AudioService: battery level: 85%, charging: false
05-22 17:30:24.752  8295  8406 W A01B01/com.ohos.sceneboard/HOME: battery level: 85%, charging: false
05-22 17:30:24.769  9130  9172 I E02F01/com.ohos.hiview/HiViewService: network state changed: WIFI -> 5G
05-22 17:30:24.774  8763  8934 D C02D01/com.ohos.settings/Bluetooth: incoming call from 13800138000
05-22 17:30:24.799  8542  8564 D B03C01/com.ohos.multimedia/AudioService: database query executed in 45ms
05-22 17:30:24.827  9756  9766 W D01A01/com.ohos.devicemanager/PowerManager: fatal error: out of memory, heap size 512MB exceeded
05-22 17:30:24.834  9263  9305 D B03C01/com.ohos.multimedia/AudioService: page navigation: HOME -> Settings
05-22 17:30:24.841  8832  8971 D A01B02/com.ohos.applauncher/MainAbility: incoming call from 13800138000
05-22 17:30:24.860  8065  8095 I A01B01/com.ohos.sceneboard/HOME: data sync completed, records: 2048
05-22 17:30:24.890  8277  8290 W C02D01/com.ohos.settings/Bluetooth: database query executed in 45ms
05-22 17:30:24.919  8741  8820 D A01B02/com.ohos.applauncher/MainAbility: bluetooth device connected: Headset_Pro
05-22 17:30:24.927  9075  9138 I A01B02/com.ohos.applauncher/MainAbility: bluetooth device connected: Headset_Pro
05-22 17:30:24.937  8555  8673 E A01B02/com.ohos.applauncher/MainAbility: def pattern match successful for flow checkpoint
05-22 17:30:24.961  9580  9755 E A01B01/com.ohos.sceneboard/HOME: network state changed: WIFI -> 5G
05-22 17:30:24.988  9407  9606 D E02F01/com.ohos.hiview/HiViewService: def pattern match successful for flow checkpoint
05-22 17:30:24.996  8979  9105 D A01B02/com.ohos.applauncher/MainAbility: crash detected: NullPointerException at MainAbility.onForeground
05-22 17:30:25.002  8015  8197 I B03C01/com.ohos.multimedia/AudioService: audio focus request granted for stream music
05-22 17:30:25.011  8403  8444 W B03C01/com.ohos.multimedia/AudioService: network state changed: WIFI -> 5G
05-22 17:30:25.015  9937  10119 E D01A01/com.ohos.devicemanager/PowerManager: background task timeout, killing process
05-22 17:30:25.039  9190  9352 D A01B02/com.ohos.applauncher/MainAbility: network state changed: WIFI -> 5G
05-22 17:30:25.053  8059  8136 I E02F01/com.ohos.hiview/HiViewService: memory usage: 320MB, available: 180MB
05-22 17:30:25.060  8481  8599 I E02F01/com.ohos.hiview/HiViewService: crash detected: NullPointerException at MainAbility.onForeground
05-22 17:30:25.071  9687  9815 D A01B01/com.ohos.sceneboard/HOME: audio focus request granted for stream music
05-22 17:30:25.092  8995  9014 I A01B02/com.ohos.applauncher/MainAbility: def pattern match successful for flow checkpoint
05-22 17:30:25.109  9035  9186 W D01A01/com.ohos.devicemanager/PowerManager: database query executed in 45ms
05-22 17:30:25.137  9987  10129 W E02F01/com.ohos.hiview/HiViewService: memory usage: 320MB, available: 180MB
05-22 17:30:25.157  8841  8870 I D01A01/com.ohos.devicemanager/PowerManager: memory usage: 320MB, available: 180MB
05-22 17:30:25.186  9052  9142 E E02F01/com.ohos.hiview/HiViewService: ANR detected in main thread, stack trace: com.ohos.app.launch
05-22 17:30:25.212  8983  9090 W C02D01/com.ohos.settings/Bluetooth: data sync completed, records: 2048
05-22 17:30:25.222  8586  8756 D A01B01/com.ohos.sceneboard/HOME: permission denied: location requires user grant
05-22 17:30:25.239  9467  9501 D A01B01/com.ohos.sceneboard/HOME: memory usage: 320MB, available: 180MB
05-22 17:30:25.245  9033  9186 D A01B02/com.ohos.applauncher/MainAbility: background task timeout, killing process
05-22 17:30:25.260  8217  8271 I A01B02/com.ohos.applauncher/MainAbility: crash detected: NullPointerException at MainAbility.onForeground
05-22 17:30:25.289  9945  9950 D A01B02/com.ohos.applauncher/MainAbility: permission denied: location requires user grant
05-22 17:30:25.295  9264  9284 W A01B02/com.ohos.applauncher/MainAbility: page navigation: HOME -> Settings
05-22 17:30:25.319  9705  9813 I A01B02/com.ohos.applauncher/MainAbility: fatal error: out of memory, heap size 512MB exceeded
05-22 17:30:25.328  8716  8823 D A01B01/com.ohos.sceneboard/HOME: database query executed in 45ms
05-22 17:30:25.340  8564  8596 W C02D01/com.ohos.settings/Bluetooth: battery level: 85%, charging: false
05-22 17:30:25.354  8351  8357 D C02D01/com.ohos.settings/Bluetooth: onStart ability completed successfully
05-22 17:30:25.382  9466  9528 W B03C01/com.ohos.multimedia/AudioService: onStart ability completed successfully
05-22 17:30:25.404  9464  9612 D A01B01/com.ohos.sceneboard/HOME: ANR detected in main thread, stack trace: com.ohos.app.launch
05-22 17:30:25.410  9814  10002 I B03C01/com.ohos.multimedia/AudioService: database query executed in 45ms
05-22 17:30:25.414  8625  8793 W D01A01/com.ohos.devicemanager/PowerManager: onStart ability completed successfully
05-22 17:30:25.439  9877  10003 I C02D01/com.ohos.settings/Bluetooth: bluetooth device connected: Headset_Pro
05-22 17:30:25.439  9013  9097 I C02D01/com.ohos.settings/Bluetooth: data sync completed, records: 2048
05-22 17:30:25.465  8866  8894 D A01B01/com.ohos.sceneboard/HOME: bluetooth device connected: Headset_Pro
05-22 17:30:25.469  8347  8353 W A01B02/com.ohos.applauncher/MainAbility: onStart ability completed successfully
05-22 17:30:25.471  9070  9094 I A01B02/com.ohos.applauncher/MainAbility: battery level: 85%, charging: false
05-22 17:30:25.497  9858  9920 W A01B02/com.ohos.applauncher/MainAbility: permission denied: location requires user grant
05-22 17:30:25.518  9710  9770 W E02F01/com.ohos.hiview/HiViewService: incoming call from 13800138000
05-22 17:30:25.537  9820  9999 D A01B02/com.ohos.applauncher/MainAbility: permission denied: location requires user grant
05-22 17:30:25.545  9187  9376 I C02D01/com.ohos.settings/Bluetooth: background task timeout, killing process
05-22 17:30:25.568  9183  9326 I B03C01/com.ohos.multimedia/AudioService: background task timeout, killing process
05-22 17:30:25.597  9436  9458 D E02F01/com.ohos.hiview/HiViewService: page navigation: HOME -> Settings
05-22 17:30:25.620  8370  8486 W E02F01/com.ohos.hiview/HiViewService: def pattern match successful for flow checkpoint
05-22 17:30:25.641  8700  8897 D E02F01/com.ohos.hiview/HiViewService: bluetooth device connected: Headset_Pro
05-22 17:30:25.650  9599  9722 D C02D01/com.ohos.settings/Bluetooth: crash detected: NullPointerException at MainAbility.onForeground
05-22 17:30:25.657  8875  8922 D E02F01/com.ohos.hiview/HiViewService: def pattern match successful for flow checkpoint
05-22 17:30:25.685  8839  8840 I B03C01/com.ohos.multimedia/AudioService: def pattern match successful for flow checkpoint
05-22 17:30:25.714  8499  8652 D E02F01/com.ohos.hiview/HiViewService: onStart ability completed successfully
05-22 17:30:25.741  8979  9080 I C02D01/com.ohos.settings/Bluetooth: ANR detected in main thread, stack trace: com.ohos.app.launch
05-22 17:30:25.757  8074  8206 I A01B01/com.ohos.sceneboard/HOME: bluetooth device connected: Headset_Pro
05-22 17:30:25.786  9435  9527 E A01B02/com.ohos.applauncher/MainAbility: fatal error: out of memory, heap size 512MB exceeded
05-22 17:30:25.808  9981  10053 W A01B02/com.ohos.applauncher/MainAbility: memory usage: 320MB, available: 180MB
05-22 17:30:25.838  8389  8409 D E02F01/com.ohos.hiview/HiViewService: ANR detected in main thread, stack trace: com.ohos.app.launch
05-22 17:30:25.841  9090  9210 D A01B02/com.ohos.applauncher/MainAbility: bluetooth device connected: Headset_Pro
05-22 17:30:25.844  8570  8651 I A01B01/com.ohos.sceneboard/HOME: onStart ability completed successfully
05-22 17:30:25.867  8218  8323 D E02F01/com.ohos.hiview/HiViewService: memory usage: 320MB, available: 180MB
05-22 17:30:25.877  8489  8549 I A01B01/com.ohos.sceneboard/HOME: permission denied: location requires user grant
05-22 17:30:25.895  8198  8264 D D01A01/com.ohos.devicemanager/PowerManager: crash detected: NullPointerException at MainAbility.onForeground
05-22 17:30:25.915  9658  9713 E E02F01/com.ohos.hiview/HiViewService: network state changed: WIFI -> 5G
05-22 17:30:25.937  8039  8087 W A01B01/com.ohos.sceneboard/HOME: def pattern match successful for flow checkpoint
05-22 17:30:25.961  8423  8502 I D01A01/com.ohos.devicemanager/PowerManager: network state changed: WIFI -> 5G
05-22 17:30:25.970  9361  9495 I A01B02/com.ohos.applauncher/MainAbility: network state changed: WIFI -> 5G
05-22 17:30:25.974  8806  8903 D A01B02/com.ohos.applauncher/MainAbility: page navigation: HOME -> Settings
05-22 17:30:26.000  8025  8194 I D01A01/com.ohos.devicemanager/PowerManager: crash detected: NullPointerException at MainAbility.onForeground
05-22 17:30:26.025  9078  9163 E E02F01/com.ohos.hiview/HiViewService: battery level: 85%, charging: false
05-22 17:30:26.034  9156  9334 E B03C01/com.ohos.multimedia/AudioService: permission denied: location requires user grant
05-22 17:30:26.040  9533  9625 I D01A01/com.ohos.devicemanager/PowerManager: ANR detected in main thread, stack trace: com.ohos.app.launch
05-22 17:30:26.044  9052  9250 I B03C01/com.ohos.multimedia/AudioService: memory usage: 320MB, available: 180MB
05-22 17:30:26.048  8811  8871 D B03C01/com.ohos.multimedia/AudioService: background task timeout, killing process
05-22 17:30:26.065  8622  8708 D A01B02/com.ohos.applauncher/MainAbility: audio focus request granted for stream music
05-22 17:30:26.091  9757  9792 D B03C01/com.ohos.multimedia/AudioService: incoming call from 13800138000
05-22 17:30:26.109  9779  9796 I B03C01/com.ohos.multimedia/AudioService: network state changed: WIFI -> 5G
05-22 17:30:26.118  8444  8608 W A01B02/com.ohos.applauncher/MainAbility: incoming call from 13800138000
05-22 17:30:26.142  9389  9394 D D01A01/com.ohos.devicemanager/PowerManager: network state changed: WIFI -> 5G
05-22 17:30:26.157  8615  8687 D D01A01/com.ohos.devicemanager/PowerManager: def pattern match successful for flow checkpoint
05-22 17:30:26.185  8335  8390 I C02D01/com.ohos.settings/Bluetooth: incoming call from 13800138000
05-22 17:30:26.201  8413  8484 I C02D01/com.ohos.settings/Bluetooth: audio focus request granted for stream music
05-22 17:30:26.226  9482  9546 D B03C01/com.ohos.multimedia/AudioService: background task timeout, killing process
05-22 17:30:26.251  8183  8368 W A01B02/com.ohos.applauncher/MainAbility: database query executed in 45ms
05-22 17:30:26.267  8558  8584 D A01B01/com.ohos.sceneboard/HOME: database query executed in 45ms
05-22 17:30:26.284  8947  9132 W A01B02/com.ohos.applauncher/MainAbility: page navigation: HOME -> Settings
05-22 17:30:26.310  8189  8231 W D01A01/com.ohos.devicemanager/PowerManager: data sync completed, records: 2048
05-22 17:30:26.318  8317  8383 D B03C01/com.ohos.multimedia/AudioService: page navigation: HOME -> Settings
05-22 17:30:26.348  9279  9469 W A01B01/com.ohos.sceneboard/HOME: onStart ability completed successfully
05-22 17:30:26.355  8571  8605 D E02F01/com.ohos.hiview/HiViewService: fatal error: out of memory, heap size 512MB exceeded
05-22 17:30:26.362  9399  9442 I A01B02/com.ohos.applauncher/MainAbility: fatal error: out of memory, heap size 512MB exceeded
05-22 17:30:26.380  9011  9025 E E02F01/com.ohos.hiview/HiViewService: audio focus request granted for stream music
05-22 17:30:26.382  8116  8164 W A01B01/com.ohos.sceneboard/HOME: onStart ability completed successfully
05-22 17:30:26.398  8880  9060 D E02F01/com.ohos.hiview/HiViewService: fatal error: out of memory, heap size 512MB exceeded
05-22 17:30:26.422  8714  8910 D D01A01/com.ohos.devicemanager/PowerManager: database query executed in 45ms
05-22 17:30:26.448  9233  9275 W D01A01/com.ohos.devicemanager/PowerManager: onStart ability completed successfully
05-22 17:30:26.466  8174  8193 W E02F01/com.ohos.hiview/HiViewService: permission denied: location requires user grant
05-22 17:30:26.472  9004  9069 I D01A01/com.ohos.devicemanager/PowerManager: crash detected: NullPointerException at MainAbility.onForeground
05-22 17:30:26.472  9947  10073 W A01B02/com.ohos.applauncher/MainAbility: database query executed in 45ms
05-22 17:30:26.472  9792  9832 W A01B02/com.ohos.applauncher/MainAbility: bluetooth device connected: Headset_Pro
05-22 17:30:26.480  9755  9888 I A01B02/com.ohos.applauncher/MainAbility: battery level: 85%, charging: false
05-22 17:30:26.510  8816  8950 I A01B02/com.ohos.applauncher/MainAbility: fatal error: out of memory, heap size 512MB exceeded
05-22 17:30:26.522  9614  9696 I B03C01/com.ohos.multimedia/AudioService: memory usage: 320MB, available: 180MB
05-22 17:30:26.534  8221  8332 D D01A01/com.ohos.devicemanager/PowerManager: permission denied: location requires user grant
05-22 17:30:26.562  9241  9337 W B03C01/com.ohos.multimedia/AudioService: data sync completed, records: 2048
05-22 17:30:26.567  9718  9764 I A01B01/com.ohos.sceneboard/HOME: fatal error: out of memory, heap size 512MB exceeded
05-22 17:30:26.590  9010  9149 W C02D01/com.ohos.settings/Bluetooth: bluetooth device connected: Headset_Pro
05-22 17:30:26.611  8559  8683 W D01A01/com.ohos.devicemanager/PowerManager: onStart ability completed successfully
05-22 17:30:26.635  9046  9073 I A01B01/com.ohos.sceneboard/HOME: network state changed: WIFI -> 5G
05-22 17:30:26.663  9957  10144 W E02F01/com.ohos.hiview/HiViewService: background task timeout, killing process
05-22 17:30:26.663  8346  8398 D A01B01/com.ohos.sceneboard/HOME: ANR detected in main thread, stack trace: com.ohos.app.launch
05-22 17:30:26.687  8567  8757 E A01B01/com.ohos.sceneboard/HOME: page navigation: HOME -> Settings
05-22 17:30:26.703  8396  8532 E C02D01/com.ohos.settings/Bluetooth: page navigation: HOME -> Settings
05-22 17:30:26.732  8158  8209 I E02F01/com.ohos.hiview/HiViewService: permission denied: location requires user grant
05-22 17:30:26.747  9315  9501 D B03C01/com.ohos.multimedia/AudioService: battery level: 85%, charging: false
05-22 17:30:26.762  8664  8848 D D01A01/com.ohos.devicemanager/PowerManager: page navigation: HOME -> Settings
05-22 17:30:26.773  9390  9483 D E02F01/com.ohos.hiview/HiViewService: memory usage: 320MB, available: 180MB
05-22 17:30:26.791  8266  8336 W B03C01/com.ohos.multimedia/AudioService: ANR detected in main thread, stack trace: com.ohos.app.launch
05-22 17:30:26.801  8088  8174 I C02D01/com.ohos.settings/Bluetooth: audio focus request granted for stream music
05-22 17:30:26.808  8133  8166 I A01B01/com.ohos.sceneboard/HOME: page navigation: HOME -> Settings
05-22 17:30:26.836  8933  9032 I B03C01/com.ohos.multimedia/AudioService: ANR detected in main thread, stack trace: com.ohos.app.launch
05-22 17:30:26.854  9019  9214 D E02F01/com.ohos.hiview/HiViewService: incoming call from 13800138000
05-22 17:30:26.860  9932  10094 D A01B01/com.ohos.sceneboard/HOME: background task timeout, killing process
05-22 17:30:26.877  9900  10053 E C02D01/com.ohos.settings/Bluetooth: permission denied: location requires user grant
05-22 17:30:26.906  8505  8611 I E02F01/com.ohos.hiview/HiViewService: permission denied: location requires user grant
05-22 17:30:26.921  8709  8801 I D01A01/com.ohos.devicemanager/PowerManager: database query executed in 45ms
05-22 17:30:26.940  8541  8631 W E02F01/com.ohos.hiview/HiViewService: background task timeout, killing process
05-22 17:30:26.970  8334  8526 E C02D01/com.ohos.settings/Bluetooth: fatal error: out of memory, heap size 512MB exceeded
05-22 17:30:26.980  8639  8708 W A01B01/com.ohos.sceneboard/HOME: background task timeout, killing process
05-22 17:30:27.008  9062  9209 E B03C01/com.ohos.multimedia/AudioService: bluetooth device connected: Headset_Pro
05-22 17:30:27.031  8370  8472 I E02F01/com.ohos.hiview/HiViewService: network state changed: WIFI -> 5G
05-22 17:30:27.050  8132  8253 I B03C01/com.ohos.multimedia/AudioService: database query executed in 45ms
05-22 17:30:27.054  8794  8858 I C02D01/com.ohos.settings/Bluetooth: data sync completed, records: 2048
05-22 17:30:27.061  8066  8259 I E02F01/com.ohos.hiview/HiViewService: incoming call from 13800138000
05-22 17:30:27.085  8397  8582 I A01B02/com.ohos.applauncher/MainAbility: onStart ability completed successfully
05-22 17:30:27.091  8958  9148 D E02F01/com.ohos.hiview/HiViewService: network state changed: WIFI -> 5G
05-22 17:30:27.119  8696  8730 I A01B02/com.ohos.applauncher/MainAbility: crash detected: NullPointerException at MainAbility.onForeground
05-22 17:30:27.121  8688  8768 E E02F01/com.ohos.hiview/HiViewService: permission denied: location requires user grant
05-22 17:30:27.136  8647  8683 W B03C01/com.ohos.multimedia/AudioService: background task timeout, killing process
05-22 17:30:27.139  8587  8655 I A01B01/com.ohos.sceneboard/HOME: audio focus request granted for stream music
05-22 17:30:27.164  9289  9332 E D01A01/com.ohos.devicemanager/PowerManager: page navigation: HOME -> Settings
05-22 17:30:27.189  8067  8196 D A01B02/com.ohos.applauncher/MainAbility: onStart ability completed successfully
05-22 17:30:27.203  8105  8116 D E02F01/com.ohos.hiview/HiViewService: permission denied: location requires user grant
05-22 17:30:27.221  8317  8462 D A01B02/com.ohos.applauncher/MainAbility: network state changed: WIFI -> 5G
05-22 17:30:27.225  8311  8444 I D01A01/com.ohos.devicemanager/PowerManager: network state changed: WIFI -> 5G
05-22 17:30:27.232  9672  9834 W B03C01/com.ohos.multimedia/AudioService: onStart ability completed successfully
05-22 17:30:27.237  8573  8582 I D01A01/com.ohos.devicemanager/PowerManager: database query executed in 45ms
05-22 17:30:27.263  8204  8400 I A01B01/com.ohos.sceneboard/HOME: background task timeout, killing process
05-22 17:30:27.281  9447  9562 D A01B02/com.ohos.applauncher/MainAbility: memory usage: 320MB, available: 180MB
05-22 17:30:27.311  8642  8701 I E02F01/com.ohos.hiview/HiViewService: page navigation: HOME -> Settings
05-22 17:30:27.317  9510  9515 E E02F01/com.ohos.hiview/HiViewService: battery level: 85%, charging: false
05-22 17:30:27.341  8586  8600 E B03C01/com.ohos.multimedia/AudioService: crash detected: NullPointerException at MainAbility.onForeground
05-22 17:30:27.365  9862  9949 I D01A01/com.ohos.devicemanager/PowerManager: background task timeout, killing process
05-22 17:30:27.373  9985  10164 E A01B02/com.ohos.applauncher/MainAbility: memory usage: 320MB, available: 180MB
05-22 17:30:27.391  9745  9823 W D01A01/com.ohos.devicemanager/PowerManager: fatal error: out of memory, heap size 512MB exceeded
05-22 17:30:27.415  9069  9075 D C02D01/com.ohos.settings/Bluetooth: incoming call from 13800138000
05-22 17:30:27.436  9135  9225 I C02D01/com.ohos.settings/Bluetooth: def pattern match successful for flow checkpoint
05-22 17:30:27.465  9329  9414 I A01B02/com.ohos.applauncher/MainAbility: page navigation: HOME -> Settings
05-22 17:30:27.479  9787  9842 D C02D01/com.ohos.settings/Bluetooth: database query executed in 45ms
05-22 17:30:27.482  9986  10084 E C02D01/com.ohos.settings/Bluetooth: onStart ability completed successfully
05-22 17:30:27.493  8941  8968 E C02D01/com.ohos.settings/Bluetooth: audio focus request granted for stream music
05-22 17:30:27.502  8992  9114 I B03C01/com.ohos.multimedia/AudioService: data sync completed, records: 2048
05-22 17:30:27.517  8586  8775 E B03C01/com.ohos.multimedia/AudioService: memory usage: 320MB, available: 180MB
05-22 17:30:27.539  8006  8094 I E02F01/com.ohos.hiview/HiViewService: onStart ability completed successfully
05-22 17:30:27.543  8065  8122 W C02D01/com.ohos.settings/Bluetooth: permission denied: location requires user grant
05-22 17:30:27.546  8690  8852 I B03C01/com.ohos.multimedia/AudioService: page navigation: HOME -> Settings
05-22 17:30:27.575  8721  8759 D E02F01/com.ohos.hiview/HiViewService: database query executed in 45ms
05-22 17:30:27.595  8524  8652 I B03C01/com.ohos.multimedia/AudioService: network state changed: WIFI -> 5G
05-22 17:30:27.611  8418  8479 D D01A01/com.ohos.devicemanager/PowerManager: audio focus request granted for stream music
05-22 17:30:27.625  8580  8712 I D01A01/com.ohos.devicemanager/PowerManager: def pattern match successful for flow checkpoint
05-22 17:30:27.632  9820  9971 W A01B02/com.ohos.applauncher/MainAbility: onStart ability completed successfully
05-22 17:30:27.661  8438  8520 W C02D01/com.ohos.settings/Bluetooth: network state changed: WIFI -> 5G
05-22 17:30:27.683  8155  8178 I D01A01/com.ohos.devicemanager/PowerManager: battery level: 85%, charging: false
05-22 17:30:27.688  9088  9178 W A01B01/com.ohos.sceneboard/HOME: page navigation: HOME -> Settings
05-22 17:30:27.710  9759  9785 D D01A01/com.ohos.devicemanager/PowerManager: background task timeout, killing process
05-22 17:30:27.711  8634  8817 I A01B02/com.ohos.applauncher/MainAbility: data sync completed, records: 2048
05-22 17:30:27.741  9888  10069 I E02F01/com.ohos.hiview/HiViewService: page navigation: HOME -> Settings
05-22 17:30:27.756  8761  8868 W A01B02/com.ohos.applauncher/MainAbility: audio focus request granted for stream music
05-22 17:30:27.779  9270  9442 W A01B02/com.ohos.applauncher/MainAbility: battery level: 85%, charging: false
05-22 17:30:27.804  9756  9862 D A01B02/com.ohos.applauncher/MainAbility: onStart ability completed successfully
05-22 17:30:27.811  8838  8859 W A01B01/com.ohos.sceneboard/HOME: incoming call from 13800138000
05-22 17:30:27.840  9660  9702 I C02D01/com.ohos.settings/Bluetooth: permission denied: location requires user grant
05-22 17:30:27.856  8463  8551 W A01B02/com.ohos.applauncher/MainAbility: data sync completed, records: 2048
05-22 17:30:27.857  8340  8471 D A01B01/com.ohos.sceneboard/HOME: network state changed: WIFI -> 5G
05-22 17:30:27.882  9837  9920 D A01B01/com.ohos.sceneboard/HOME: permission denied: location requires user grant
05-22 17:30:27.888  8007  8079 D D01A01/com.ohos.devicemanager/PowerManager: database query executed in 45ms
05-22 17:30:27.909  9464  9471 I C02D01/com.ohos.settings/Bluetooth: fatal error: out of memory, heap size 512MB exceeded
05-22 17:30:27.931  9122  9286 I A01B01/com.ohos.sceneboard/HOME: background task timeout, killing process
05-22 17:30:27.936  9407  9460 I C02D01/com.ohos.settings/Bluetooth: database query executed in 45ms
05-22 17:30:27.960  8877  9033 D C02D01/com.ohos.settings/Bluetooth: background task timeout, killing process
05-22 17:30:27.989  8280  8447 W E02F01/com.ohos.hiview/HiViewService: data sync completed, records: 2048
05-22 17:30:28.016  8692  8754 D A01B02/com.ohos.applauncher/MainAbility: def pattern match successful for flow checkpoint
05-22 17:30:28.020  8096  8118 E B03C01/com.ohos.multimedia/AudioService: network state changed: WIFI -> 5G
05-22 17:30:28.038  8602  8652 W C02D01/com.ohos.settings/Bluetooth: memory usage: 320MB, available: 180MB
05-22 17:30:28.043  9034  9126 D D01A01/com.ohos.devicemanager/PowerManager: battery level: 85%, charging: false
05-22 17:30:28.073  8397  8435 I E02F01/com.ohos.hiview/HiViewService: battery level: 85%, charging: false
05-22 17:30:28.100  8862  8969 W C02D01/com.ohos.settings/Bluetooth: incoming call from 13800138000
05-22 17:30:28.106  9677  9743 I B03C01/com.ohos.multimedia/AudioService: onStart ability completed successfully
05-22 17:30:28.121  8869  8895 E A01B01/com.ohos.sceneboard/HOME: permission denied: location requires user grant
05-22 17:30:28.135  9057  9242 I D01A01/com.ohos.devicemanager/PowerManager: fatal error: out of memory, heap size 512MB exceeded
05-22 17:30:28.157  8728  8861 I B03C01/com.ohos.multimedia/AudioService: battery level: 85%, charging: false
05-22 17:30:28.163  9567  9629 I A01B01/com.ohos.sceneboard/HOME: bluetooth device connected: Headset_Pro
05-22 17:30:28.192  8526  8623 I E02F01/com.ohos.hiview/HiViewService: crash detected: NullPointerException at MainAbility.onForeground
05-22 17:30:28.194  9724  9775 I A01B02/com.ohos.applauncher/MainAbility: crash detected: NullPointerException at MainAbility.onForeground
05-22 17:30:28.204  8922  9033 W D01A01/com.ohos.devicemanager/PowerManager: network state changed: WIFI -> 5G
05-22 17:30:28.220  9810  9969 I C02D01/com.ohos.settings/Bluetooth: onStart ability completed successfully
05-22 17:30:28.225  8680  8861 W C02D01/com.ohos.settings/Bluetooth: memory usage: 320MB, available: 180MB
05-22 17:30:28.246  9117  9315 D C02D01/com.ohos.settings/Bluetooth: database query executed in 45ms
05-22 17:30:28.274  9676  9830 I B03C01/com.ohos.multimedia/AudioService: onStart ability completed successfully
05-22 17:30:28.291  9333  9450 E D01A01/com.ohos.devicemanager/PowerManager: fatal error: out of memory, heap size 512MB exceeded
05-22 17:30:28.309  8703  8734 I C02D01/com.ohos.settings/Bluetooth: crash detected: NullPointerException at MainAbility.onForeground
05-22 17:30:28.312  9060  9190 E B03C01/com.ohos.multimedia/AudioService: memory usage: 320MB, available: 180MB
05-22 17:30:28.341  8855  8976 D C02D01/com.ohos.settings/Bluetooth: database query executed in 45ms
05-22 17:30:28.366  9578  9706 I A01B02/com.ohos.applauncher/MainAbility: database query executed in 45ms
05-22 17:30:28.396  8460  8642 D B03C01/com.ohos.multimedia/AudioService: crash detected: NullPointerException at MainAbility.onForeground
05-22 17:30:28.397  8068  8115 I E02F01/com.ohos.hiview/HiViewService: ANR detected in main thread, stack trace: com.ohos.app.launch
05-22 17:30:28.419  8160  8349 I A01B02/com.ohos.applauncher/MainAbility: network state changed: WIFI -> 5G
05-22 17:30:28.426  9575  9767 I A01B02/com.ohos.applauncher/MainAbility: database query executed in 45ms
05-22 17:30:28.446  8046  8236 D D01A01/com.ohos.devicemanager/PowerManager: def pattern match successful for flow checkpoint
05-22 17:30:28.449  9466  9565 D A01B02/com.ohos.applauncher/MainAbility: onStart ability completed successfully
05-22 17:30:28.459  8373  8539 I C02D01/com.ohos.settings/Bluetooth: onStart ability completed successfully
05-22 17:30:28.487  8500  8522 D A01B01/com.ohos.sceneboard/HOME: fatal error: out of memory, heap size 512MB exceeded
05-22 17:30:28.503  8831  8871 I B03C01/com.ohos.multimedia/AudioService: page navigation: HOME -> Settings
05-22 17:30:28.527  8255  8332 I A01B01/com.ohos.sceneboard/HOME: page navigation: HOME -> Settings
05-22 17:30:28.531  9459  9520 E E02F01/com.ohos.hiview/HiViewService: memory usage: 320MB, available: 180MB
05-22 17:30:28.540  8355  8490 D E02F01/com.ohos.hiview/HiViewService: network state changed: WIFI -> 5G
05-22 17:30:28.560  8589  8773 W B03C01/com.ohos.multimedia/AudioService: page navigation: HOME -> Settings
05-22 17:30:28.567  8635  8793 D C02D01/com.ohos.settings/Bluetooth: page navigation: HOME -> Settings
05-22 17:30:28.584  9668  9765 I B03C01/com.ohos.multimedia/AudioService: incoming call from 13800138000
05-22 17:30:28.586  8191  8379 I A01B02/com.ohos.applauncher/MainAbility: ANR detected in main thread, stack trace: com.ohos.app.launch
05-22 17:30:28.601  9245  9315 W A01B02/com.ohos.applauncher/MainAbility: fatal error: out of memory, heap size 512MB exceeded
05-22 17:30:28.627  8717  8869 W C02D01/com.ohos.settings/Bluetooth: permission denied: location requires user grant
05-22 17:30:28.656  8842  8890 I E02F01/com.ohos.hiview/HiViewService: network state changed: WIFI -> 5G
05-22 17:30:28.677  9423  9491 D A01B02/com.ohos.applauncher/MainAbility: network state changed: WIFI -> 5G
05-22 17:30:28.692  8992  9178 D E02F01/com.ohos.hiview/HiViewService: memory usage: 320MB, available: 180MB
05-22 17:30:28.709  9749  9799 I D01A01/com.ohos.devicemanager/PowerManager: database query executed in 45ms
05-22 17:30:28.735  9741  9904 W A01B02/com.ohos.applauncher/MainAbility: onStart ability completed successfully
05-22 17:30:28.759  8687  8819 I D01A01/com.ohos.devicemanager/PowerManager: data sync completed, records: 2048
05-22 17:30:28.783  9214  9235 I C02D01/com.ohos.settings/Bluetooth: battery level: 85%, charging: false
05-22 17:30:28.785  9331  9382 E A01B01/com.ohos.sceneboard/HOME: bluetooth device connected: Headset_Pro
05-22 17:30:28.804  9794  9840 I B03C01/com.ohos.multimedia/AudioService: battery level: 85%, charging: false
05-22 17:30:28.833  9774  9924 D A01B02/com.ohos.applauncher/MainAbility: onStart ability completed successfully
05-22 17:30:28.843  8963  9155 I B03C01/com.ohos.multimedia/AudioService: memory usage: 320MB, available: 180MB
05-22 17:30:28.859  9773  9827 E D01A01/com.ohos.devicemanager/PowerManager: battery level: 85%, charging: false
05-22 17:30:28.861  8415  8486 D D01A01/com.ohos.devicemanager/PowerManager: network state changed: WIFI -> 5G
05-22 17:30:28.876  9728  9872 I E02F01/com.ohos.hiview/HiViewService: onStart ability completed successfully
05-22 17:30:28.902  8153  8269 E B03C01/com.ohos.multimedia/AudioService: ANR detected in main thread, stack trace: com.ohos.app.launch
05-22 17:30:28.923  9801  9877 W E02F01/com.ohos.hiview/HiViewService: battery level: 85%, charging: false
05-22 17:30:28.950  8796  8812 I B03C01/com.ohos.multimedia/AudioService: background task timeout, killing process
05-22 17:30:28.978  8172  8285 D C02D01/com.ohos.settings/Bluetooth: crash detected: NullPointerException at MainAbility.onForeground
05-22 17:30:28.990  9945  10110 D C02D01/com.ohos.settings/Bluetooth: memory usage: 320MB, available: 180MB
05-22 17:30:29.002  9117  9267 D B03C01/com.ohos.multimedia/AudioService: crash detected: NullPointerException at MainAbility.onForeground
05-22 17:30:29.015  9693  9694 W C02D01/com.ohos.settings/Bluetooth: onStart ability completed successfully
05-22 17:30:29.022  8249  8439 I B03C01/com.ohos.multimedia/AudioService: data sync completed, records: 2048
05-22 17:30:29.051  8505  8680 D A01B02/com.ohos.applauncher/MainAbility: data sync completed, records: 2048
05-22 17:30:29.053  9229  9376 E E02F01/com.ohos.hiview/HiViewService: crash detected: NullPointerException at MainAbility.onForeground
05-22 17:30:29.071  9696  9750 W B03C01/com.ohos.multimedia/AudioService: incoming call from 13800138000
05-22 17:30:29.081  8354  8532 D D01A01/com.ohos.devicemanager/PowerManager: crash detected: NullPointerException at MainAbility.onForeground
05-22 17:30:29.089  9053  9080 D E02F01/com.ohos.hiview/HiViewService: memory usage: 320MB, available: 180MB
05-22 17:30:29.119  8184  8368 W B03C01/com.ohos.multimedia/AudioService: data sync completed, records: 2048
05-22 17:30:29.127  8749  8869 D D01A01/com.ohos.devicemanager/PowerManager: memory usage: 320MB, available: 180MB
05-22 17:30:29.156  9118  9308 W D01A01/com.ohos.devicemanager/PowerManager: crash detected: NullPointerException at MainAbility.onForeground
05-22 17:30:29.170  9507  9548 I E02F01/com.ohos.hiview/HiViewService: onStart ability completed successfully
05-22 17:30:29.170  8719  8886 D C02D01/com.ohos.settings/Bluetooth: battery level: 85%, charging: false
05-22 17:30:29.182  8198  8266 E E02F01/com.ohos.hiview/HiViewService: background task timeout, killing process
05-22 17:30:29.193  8642  8730 I B03C01/com.ohos.multimedia/AudioService: bluetooth device connected: Headset_Pro
05-22 17:30:29.195  9763  9914 I B03C01/com.ohos.multimedia/AudioService: data sync completed, records: 2048
05-22 17:30:29.195  9529  9628 W D01A01/com.ohos.devicemanager/PowerManager: onStart ability completed successfully
05-22 17:30:29.211  8423  8602 I A01B01/com.ohos.sceneboard/HOME: memory usage: 320MB, available: 180MB
05-22 17:30:29.214  9818  9941 D C02D01/com.ohos.settings/Bluetooth: fatal error: out of memory, heap size 512MB exceeded
05-22 17:30:29.221  9319  9322 I E02F01/com.ohos.hiview/HiViewService: bluetooth device connected: Headset_Pro
05-22 17:30:29.225  9647  9781 D A01B02/com.ohos.applauncher/MainAbility: audio focus request granted for stream music
05-22 17:30:29.241  9927  9947 I B03C01/com.ohos.multimedia/AudioService: battery level: 85%, charging: false
05-22 17:30:29.254  9920  9972 W B03C01/com.ohos.multimedia/AudioService: database query executed in 45ms
05-22 17:30:29.259  9607  9618 D C02D01/com.ohos.settings/Bluetooth: page navigation: HOME -> Settings
05-22 17:30:29.281  9143  9240 D C02D01/com.ohos.settings/Bluetooth: memory usage: 320MB, available: 180MB
05-22 17:30:29.287  8531  8642 I E02F01/com.ohos.hiview/HiViewService: data sync completed, records: 2048
05-22 17:30:29.301  9545  9644 I D01A01/com.ohos.devicemanager/PowerManager: onStart ability completed successfully
05-22 17:30:29.328  9073  9262 E A01B02/com.ohos.applauncher/MainAbility: permission denied: location requires user grant
05-22 17:30:29.347  8227  8281 I E02F01/com.ohos.hiview/HiViewService: database query executed in 45ms
05-22 17:30:29.353  9742  9930 I A01B01/com.ohos.sceneboard/HOME: battery level: 85%, charging: false
05-22 17:30:29.358  8711  8723 W D01A01/com.ohos.devicemanager/PowerManager: memory usage: 320MB, available: 180MB
05-22 17:30:29.370  9949  10040 I A01B02/com.ohos.applauncher/MainAbility: battery level: 85%, charging: false
05-22 17:30:29.389  8189  8332 I C02D01/com.ohos.settings/Bluetooth: bluetooth device connected: Headset_Pro
05-22 17:30:29.390  9348  9359 W A01B01/com.ohos.sceneboard/HOME: data sync completed, records: 2048
05-22 17:30:29.408  9030  9150 I C02D01/com.ohos.settings/Bluetooth: battery level: 85%, charging: false
05-22 17:30:29.437  9932  9950 W A01B02/com.ohos.applauncher/MainAbility: permission denied: location requires user grant
05-22 17:30:29.448  9012  9183 I A01B01/com.ohos.sceneboard/HOME: permission denied: location requires user grant
05-22 17:30:29.451  9173  9243 I B03C01/com.ohos.multimedia/AudioService: database query executed in 45ms
05-22 17:30:29.454  8176  8195 W E02F01/com.ohos.hiview/HiViewService: battery level: 85%, charging: false
05-22 17:30:29.467  9901  10080 I D01A01/com.ohos.devicemanager/PowerManager: ANR detected in main thread, stack trace: com.ohos.app.launch
05-22 17:30:29.491  8307  8500 D A01B01/com.ohos.sceneboard/HOME: database query executed in 45ms
05-22 17:30:29.513  8868  9060 I D01A01/com.ohos.devicemanager/PowerManager: fatal error: out of memory, heap size 512MB exceeded
05-22 17:30:29.527  9973  10055 D A01B01/com.ohos.sceneboard/HOME: permission denied: location requires user grant
05-22 17:30:29.541  9386  9566 D A01B01/com.ohos.sceneboard/HOME: fatal error: out of memory, heap size 512MB exceeded
05-22 17:30:29.571  9701  9869 I A01B01/com.ohos.sceneboard/HOME: onStart ability completed successfully
